front,back
「汚れつちまつた悲しみに」の詩句で知られる詩人は誰か。,中原中也〈頻出〉
「君死にたまふことなかれ」という詩で日露戦争を批判した歌人は誰か。,与謝野晶子〈頻出〉
「智恵子抄」の作者は誰か。,高村光太郎〈頻出〉
『浮雲』において試みられた、口語に近い文章形式を何というか。,言文一致体〈頻出〉
『武蔵野』の著者で、ありのままの自然や生活を叙情的に描いた独歩の姓は何か。,国木田〈頻出〉
1920年代に横光利一や川端康成らが結成した、感覚的な比喩を多用する流派は何か。,新感覚派〈頻出〉
1930年代、古典への回帰と美的な浪漫主義を唱えた「日本浪漫派」の主導的論客は誰か。,保田與重郎〈知識〉
1930年代、特定の政治思想を持たず、美的な価値のみを追求した作家たちの総称は何か。,文芸復興期作家（または「新感覚派」から転じた作家） 〈知識〉
1968年に日本人として初めてノーベル文学賞を受賞した作家は誰か。,川端康成〈頻出〉
1970年代以降、文学が特定の思想から解放され、単なる「遊び」や「消費」となった状況を何というか。,現代風俗文学（またはポストモダン） 〈知識〉
1994年に日本人として二人目のノーベル文学賞を受賞した作家は誰か。,大江健三郎〈頻出〉
ドイツ留学の経験をもとに『舞姫』を執筆し、雅文体による浪漫主義を確立した作家は誰か。,森鴎外〈頻出〉
プロレタリア文学において、党派性を優先する姿勢を批判して離脱した作家たちの傾向を何というか。,転向文学 〈頻出〉
プロレタリア文学を代表する作品『太陽のない街』の作者は誰か。,徳永直〈知識〉
安岡章太郎が、自身の劣等感や家庭の崩壊をユーモアの中に描いた代表作は何か。,『海辺の光景』 〈知識〉
安岡章太郎や吉行淳之介ら、「第三の新組」が主に題材とした、戦後の小市民の日常は何か。,日常性（または内向の世代）〈知識〉
安部公房が、砂穴に閉じ込められた男の不条理な状況を描いた代表作は何か。,『砂の女』〈頻出〉
安部公房が、自己を喪失した男が他者の顔を手に入れようとする不条理を描いた作品は何か。,他人の顔〈頻出〉
安部公房が、自身の戯曲において「人間が人間として存在するための最低条件」として提示した装置は何か。,捕獲装置（または「箱男」の箱） 〈知識〉
安部公房が、自身の満州体験をもとに、国境や安住の地を持たない人間を描いた処女作は何か。,終りし道の標に〈知識〉
安部公房が、人間が物質（壁）に変容する不条理を描いた芥川賞受賞作は何か。,『壁 ― S・カルマ氏の犯罪』 〈頻出〉
安部公房の『砂の女』において、男が砂の村で最終的に手に入れた「自由」の象徴は何か。,貯水装置（または「労働を通じた発見」） 〈知識〉
伊藤整が、ジェイムズ・ジョイスの影響を受けて導入した、内面意識をそのまま記述する手法は何か。,意識の流れ〈頻出〉
伊藤整が、心理学的分析を小説に持ち込み、近代知性の限界を論じた評論は何か。,『小説の認識』 〈知識〉
井上靖が、西域（シルクロード）への憧憬と歴史のロマンを描いた歴史小説の代表作は何か。,敦煌（または『楼蘭』）〈頻出〉
井伏鱒二が、戦争中の徴用経験や原爆投下後の広島を描いた代表作は何か。,『黒い雨』〈頻出〉
永井荷風が、フランス留学から帰国後に執筆した、西洋崇拝と日本嫌悪が入り混じる作品集は何か。,『あめりか物語』 〈知識〉
永井荷風が、帰国後に日本の近代化の醜さを嘆き、江戸の情緒を称揚した代表的な評論は何か。,帰朝者の日記〈知識〉
永井荷風が、東京の街の変化を情緒的に描いた散策記の名称は何か。,『日和下駄』〈知識〉
永井荷風が、東京の街を散策し、失われゆく江戸の情緒を記録した随筆集は何か。,日和下駄〈知識〉
永井荷風や谷崎潤一郎ら、官能的な美や享楽を追求した作家たちの流派は何か。,耽美派〈頻出〉
遠藤周作が、キリシタン弾圧下の長崎を舞台に「神の沈黙」を問うた作品は何か。,『沈黙』〈頻出〉
遠藤周作が、日本人の心性とキリスト教の葛藤を、長崎の潜伏キリシタンの中に求めた晩年の傑作は何か。,沈黙〈頻出〉
横光利一が、形式主義をさらに推し進め、言語そのものの可能性を論じた代表的な評論は何か。,文芸的な、余りに文芸的な（または『純粋小説論』）〈知識〉
横光利一が、自身の欧州旅行での挫折から「日本への回帰」を論じた思想的エッセイは何か。,『旅愁』 〈知識〉
横光利一が、自身の文体を「主観の投影」とするのではなく、事物を即物的に捉えようとした用語は何か。,科学的精神 〈知識〉
横光利一が、主観的なイメージを言語化するために形式的技巧を追求した文学流派は何か。,新感覚派〈頻出〉
横光利一が、主観的な認識が外界を構成する過程を描いた、新感覚派を代表する短編は何か。,『春は馬車に乗って』 〈知識〉
横光利一の遺作で、欧州を舞台に日本人のアイデンティティを問うた未完の巨編は何か。,旅愁〈知識〉
横光利一の代表作で、上海を舞台に近代的な手法を駆使して書かれた作品は何か。,『上海』〈知識〉
夏目漱石が、東大講師を辞めて職業作家として入社した当時の新聞社はどこか。,朝日新聞社〈知識〉
夏目漱石が、道義的個人主義の立場から「他者の自己」を尊重することを説いた演題は何か。,「私の個人主義」〈知識〉
夏目漱石が「修善寺の大患」を経て、エゴイズムの克服を目指して執筆した最初の長編は何か。,彼岸過迄〈知識〉
夏目漱石が『それから』において、近代社会の労働を批判的に表現したキーワードは何か。,職業的破産（または高等遊民） 〈知識〉
夏目漱石が『行人』で描いた、知性が過剰に発達した近代人が陥る精神的孤独の状況を何というか。,自己の絶対的孤独（または不安）〈知識〉
夏目漱石が『三四郎』の中で、急激な近代化を指して用いた言葉は何か。,外発的開化〈知識〉
夏目漱石が『草枕』で提唱した、現実の利害を離れて美の世界を観照する芸術的境地は何か。,非人情〈頻出〉
夏目漱石が『明暗』の先にある理想として、主観と客観を統合する境地を指して用いた語は何か。,則天去私 〈頻出〉
夏目漱石がロンドン留学の孤独から、帰国後最初に教鞭を執った大学はどこか。,第一高等学校〈知識〉
夏目漱石が晩年に至った、私心を捨てて自然の理に従う精神的境地は何か。,則天去私〈頻出〉
夏目漱石の「後期三部作」に数えられる作品を、『彼岸過迄』『行人』ともう一つ挙げよ。,『こころ』〈知識〉
夏目漱石の「前期三部作」に数えられる作品を、『三四郎』『それから』ともう一つ挙げよ。,『門』〈知識〉
夏目漱石の『こころ』で、「精神的に向上心のないものは馬鹿だ」と言い残し自殺した親友は誰か。,Ｋ〈頻出〉
夏目漱石の『こころ』で、主人公の「先生」が親友を裏切って結婚した相手の呼称は何か。,お嬢さん〈頻出〉
夏目漱石の『こころ』において、先生がＫを裏切る際に自己正当化した心理的背景を何というか。,利己心（エゴイズム） 〈頻出〉
夏目漱石の『三四郎』において、広田先生が三四郎に告げる「日本は滅びる」の理由は何か。,外発的開化 〈知識〉
夏目漱石の『草枕』において、画工が「怜悧な顔」に見惚れ、最後まで描けなかったものは何か。,憐れ（あはれ） 〈知識〉
夏目漱石の『文学論』において、文学的内容を構成する「f+F」の「F」は何を指すか。,情緒的要素（Feelings） 〈頻出〉
夏目漱石の『明暗』において、津田と延子の関係の背景として暗示される漱石独自の理想は何か。,則天去私〈知識〉
夏目漱石の『明暗』の先にあるとされる、漱石が理想とした精神的境地は何か。,則天去私〈知識〉
夏目漱石の『門』において、親友から妻を奪った罪悪感を抱えつつ、禅寺の門を叩く主人公は誰か。,野中宗助〈知識〉
夏目漱石の処女作で、猫の視点から人間社会を風刺した作品は何か。,『吾輩は猫である』〈頻出〉
夏目漱石の門下生で、科学者としての視点から「寺田寅彦」が執筆した随筆の筆名は何か。,寺田寅彦〈頻出〉
火野葦平が、兵隊の日常生活を人間味豊かに描き、ベストセラーとなった「兵隊」何部作の一つか。,五〈知識〉
芥川賞と並び、大衆文学の新進作家に贈られる賞として菊池寛が創設した賞は何か。,直木賞〈頻出〉
芥川龍之介が、今昔物語集などの古典から題材をとって執筆した作品群の総称は何か。,王朝もの〈知識〉
芥川龍之介が、志賀直哉のような私小説を批判し、筋の面白さを主張した谷崎潤一郎との論争は何か。,小説の筋論争〈知識〉
芥川龍之介が、志賀直哉のような私小説的リアリズムを批判して用いた用語は何か。,文芸的な、余りに文芸的な 〈知識〉
芥川龍之介が、切支丹の殉教と日本人の心性をテーマに描いた作品集の総称は何か。,切支丹もの 〈頻出〉
芥川龍之介が、知性の過剰による精神の荒廃を風刺した、最晩年の寓話的小説は何か。,『河童』 〈知識〉
芥川龍之介が、地獄へ落ちた泥棒がお釈迦様の慈悲にすがる様子を描いた童話は何か。,『蜘蛛の糸』〈頻出〉
芥川龍之介が、平安時代の羅生門を舞台に、人間のエゴイズムを鋭く描いた作品は何か。,『羅生門』〈頻出〉
芥川龍之介が自ら命を絶ち、「ぼんやりした不安」という言葉が残されたのは西暦何年か。,1927年〈知識〉
芥川龍之介の『藪の中』において、一つの事件について証言が食い違う原因となる心理を何というか。,自己正当化（エゴイズム） 〈頻出〉
芥川龍之介の晩年の代表作で、自身の精神的混乱を「氷のような明晰さ」で描いた遺作は何か。,歯車〈頻出〉
開高健が、ベトナム戦争の最前線に取材し、人間の生と死の極限を問い直した代表作は何か。,輝ける闇〈頻出〉
梶井基次郎が、死の影を背景に、光と闇の対比を視覚的に描いた短編『交尾』以外の作品は何か。,『のんきな患者』 〈知識〉
梶井基次郎が、内面的な不安を果物に託して描いた短編小説は何か。,『檸檬』〈頻出〉
梶井基次郎が「檸檬」を置いた場所として描いた、実在した書店の名称は何か。,丸善〈頻出〉
丸山真男が、日本の精神構造を分析する際に提唱した、確固たる基軸を持たない状況を指す語は何か。,無責任の体系（または「超国家主義の論理と心理」）〈頻出〉
丸山真男が、日本人の精神構造の根底にある、古いものが消えずに積み重なる層を何と呼んだか。,古層（古層論） 〈知識〉
岩野泡鳴が、主観と客観の合一を説き、自然主義を一歩進めて提唱した文学理論は何か。,一元描写 〈知識〉
菊池寛が、作家の権利を守り、文芸を普及させるために創刊した雑誌の名称は何か。,文藝春秋〈頻出〉
菊池寛が提唱し、読者に分かりやすく興味を引くことを重視した文芸概念は何か。,文芸的なるもの〈知識〉
吉行淳之介が、娼婦と客の心理的な駆け引きを通じて現代人の孤独を浮き彫りにした代表作は何か。,砂の上の植物群〈知識〉
吉行淳之介が、都会的な人間関係の乾いた感性を表現した流派「内向の世代」の先駆的作品は何か。,『砂の上の植物群』 〈知識〉
吉本隆明が、個人の意識（個人幻想）と社会（共同幻想）の間にあるものを何と呼んだか。,対幻想 〈頻出〉
吉本隆明が、個人の意識と社会・国家の心理的構造を分析するために提唱した中心概念は何か。,共同幻想〈頻出〉
吉本隆明が、個人の自律的な思考が「国家」という幻想に回収されないための最低条件としたものは何か。,自立（自立思想） 〈頻出〉
吉本隆明が、詩人の言語感覚を分析する際に提唱した、言語の「指示表出」と何というか。,自己表出 〈頻出〉
吉本隆明の代表的評論で、個人の幻想と、社会や共同体の幻想を対比させて論じた著書は何か。,共同幻想論〈頻出〉
宮沢賢治の死後に刊行された、銀河鉄道を舞台にした童話は何か。,『銀河鉄道の夜』〈頻出〉
宮本百合子が、自身の獄中生活や女性としての自立を戦後に回想した代表作は何か。,伸子（または『播州平野』）〈知識〉
近松秋江や葛西善蔵ら、自身の破滅的な生活を執拗に描き出した私小説の系譜を何というか。,破滅型私小説〈知識〉
現代批評において、デリダやフーコーの影響下で、二項対立的な構造を解体する手法を何というか。,脱構築（デコンストラクション） 〈頻出〉
現代文の評論文において、近代合理主義の限界を指摘する思想的枠組みを何というか。,ポストモダン〈頻出〉
幸田露伴が、職人気質の芸術家魂を描いた代表的な小説は何か。,『五重塔』〈頻出〉
幸田露伴が、仏像彫刻に打ち込む職人の理想と執念を描いた、初期の代表作は何か。,風流仏〈頻出〉
幸田露伴が、歴史上の人物の評伝を通じて、自身の東洋的思想を表現したジャンルを何というか。,評伝（歴史評伝） 〈知識〉
幸田露伴が『五重塔』で描いた、技術と誇りをかけた大工の主人公の名前は何か。,のっそり十兵衛〈知識〉
幸田露伴が『五重塔』の後、不遇な天才画家の生涯を通じて理想主義を深めた代表作は何か。,『運命』 〈知識〉
幸田露伴の『五重塔』において、のっそり十兵衛のライバルである熟練の棟梁の名前は何か。,源太〈知識〉
江戸川乱歩が中心となって確立された、謎解きや恐怖を主題とする文学ジャンルは何か。,推理小説〈頻出〉
江戸川乱歩が中心となって創設された、推理小説の発展を目指す作家団体の名称は何か。,日本探偵作家クラブ〈知識〉
高橋和巳が、学生運動の挫折と宗教的救済をテーマに描いた巨大な長編は何か。,『邪宗門』 〈知識〉
高村光太郎が、亡き妻を悼んで綴った詩集の名称は何か。,『智恵子抄』〈頻出〉
佐藤春夫が、都会の若者の倦怠と孤独を緻密な心理描写で描いた初期の代表作は何か。,田園の憂鬱〈知識〉
坂口安吾が、戦後の混迷の中で既成の道徳を否定して生きることを説いた評論は何か。,『堕落論』〈頻出〉
坂口安吾が、戦時中に「法隆寺が焼けても困らない」と述べて物議を醸した評論の題名は何か。,『日本文化私観』 〈頻出〉
坂口安吾が、戦時中の極限の孤独において「ふるさと」を否定した際に出した結論は何か。,ふるさとは地獄である（または「地獄としての現実」） 〈知識〉
坂口安吾が、伝統の美よりも「実質」を重視する視点から、戦時中に書いた文明批評は何か。,日本文化私観〈知識〉
坂口安吾が、伝統への安易な回帰を否定し、実生活の必要性を説いた評論は何か。,『日本文化私観』〈知識〉
坂口安吾が、伝統への安易な回帰を否定し、生活の必要性こそが美であると説いた評論は何か。,日本文化私観〈知識〉
坂口安吾の『桜の森の満開の下』において、桜の花びらが降る中で山賊が直面した感情は何か。,虚無（または「正体のない恐怖」） 〈知識〉
坂口安吾の『白痴』において、戦火の中、主人公が連れて逃げる相手は何という存在か。,白痴の女〈知識〉
雑誌『白樺』を中心に、人道主義や自己肯定を掲げた文学流派を何というか。,白樺派〈頻出〉
三島由紀夫が、仮面を被らざるを得ない若者の性愛的倒錯と実存を描いた出世作は何か。,『仮面の告白』 〈頻出〉
三島由紀夫が、貴族社会の優雅な生活の裏にある虚無を描いた、実在の銀行をモデルとする長編は何か。,『鏡子の家』 〈知識〉
三島由紀夫が、古代ギリシャの『ダフニスとクロエ』を範にとり、潮騒の島を描いた純愛小説は何か。,『潮騒』 〈知識〉
三島由紀夫が、自身の最期を見据えるように、輪廻転生をテーマに書き上げた最後の四部作は何か。,豊饒の海〈頻出〉
三島由紀夫が、自身の最期を予告するような割腹自殺の場面を緻密に描いた短編小説は何か。,『憂国』 〈知識〉
三島由紀夫が、自身の肉体的鍛錬と文学思想を語ったエッセイは何か。,『太陽と鉄』〈知識〉
三島由紀夫が、実在の「楯の会」結成の背景にもなった、日本の武士道精神を論じたエッセイは何か。,葉隠入門〈知識〉
三島由紀夫が、実在の寺院放火事件を題材に、美と滅びを描いた代表作は何か。,『金閣寺』〈頻出〉
山崎豊子が、医学界や政界の腐敗を徹底した取材をもとに描いた、ジャンルとしての呼称は何か。,社会派小説 〈頻出〉
山田美妙が中心となって結成され、言文一致運動を先導した文学結社の名称は何か。,硯友社〈頻出〉
司馬遼太郎が、明治の日本が近代化へ向かう高揚感を「坂の上の」何という対象に例えて描いたか。,雲〈知識〉
志賀直哉が、父との和解をテーマに、十数年の歳月をかけて完成させた唯一の長編は何か。,暗夜行路〈頻出〉
志賀直哉の『暗夜行路』において、主人公の時任謙作が最終的に救済を見出す場所はどこか。,大山（だいせん） 〈知識〉
志賀直哉の短編『小僧の神様』において、小僧に寿司を馳走した貴族院議員の呼称は何か。,Ａさん〈知識〉
志賀直哉の短編『范の犯罪』において、殺人事件を裁く裁判官が最終的に到達した結論は何か。,理解（または「范」の無罪） 〈知識〉
志賀直哉の短編で、生き物の死を見つめることで自身の生を実感する作品は何か。,『城の崎にて』〈頻出〉
志賀直哉の唯一の長編小説で、主人公の精神的遍歴を描いた「小説の神様」の代表作は何か。,『暗夜行路』〈頻出〉
詩集『若菜集』を著し、近代抒情詩の先駆となった作家は誰か。,島崎藤村〈頻出〉
小林秀雄が、ドストエフスキー論を経て本居宣長を論じた、晩年の集大成となる評伝は何か。,本居宣長〈頻出〉
小林秀雄が、マルクス主義の公式主義的な文学論を批判して展開した「論理」への攻撃を何というか。,政治の優位 〈知識〉
小林秀雄が、モーツァルトの音楽に触れて「言葉の死ぬところ」と表現した、批評の極致を何というか。,感動（または「音楽の絶対性」） 〈知識〉
小林秀雄が、死んだ肉親の言葉ではなく「骨」と対話することで批評を始めた、処女評論の題名は何か。,様々なる意匠〈頻出〉
小林秀雄が、文芸批評を独立したジャンルとして確立した処女評論は何か。,『様々なる意匠』〈頻出〉
小林多喜二が、過酷な労働環境での階級闘争を描いた代表作は何か。,『蟹工船』〈頻出〉
小林多喜二が、獄中で死に至る直前まで執筆していた、農村の闘争を描いた未完の遺作は何か。,党生活者〈知識〉
庄野潤三が、自身の家庭生活を緻密な観察によって描き出した、第三の新組を代表する作品は何か。,プールサイド小景〈知識〉
昭和初期、モダニズム文学の拠点となった、伊藤整や阿部知二らが創刊した雑誌は何か。,文藝レビュー（または『新文学』）〈知識〉
昭和初期、小林秀雄が『様々なる意匠』で「批評とは何であるか」と定義した有名な一節は何か。,批評とは公開されたる懴悔である 〈知識〉
埴谷雄高が、全編を通じて「虚無」と「存在」の極限を問い続けた、未完の巨大な観念小説は何か。,死霊〈頻出〉
埴谷雄高の『死霊』において、存在の不合理を問い続ける中心的な登場人物は誰か。,津田安寿子 〈知識〉
織田作之助が、大阪の庶民のたくましさと哀歓を、特有のテンポで描いた代表作は何か。,夫婦善哉〈頻出〉
織田作之助が、大阪の庶民的な食べ物を通じて人情を描いた、短編『夫婦善哉』以外の代表作は何か。,『六白金星』 〈知識〉
織田作之助や太宰治ら、既存の文壇から外れた作家群を指して呼ばれた、江戸の文芸にちなむ呼称は何か。,新戯作派〈頻出〉
織田作之助や太宰治ら、既存の文壇から外れた作家群を指す別称は何か。,新戯作派〈頻出〉
森鴎外が、自身の性的経験を回想し、発禁処分を受けたこともあるエッセイ風の小説は何か。,ヰタ・セクスアリス〈頻出〉
森鴎外が、自身の性的経験を回想する形式で書いた、発禁処分を受けた小説は何か。,『ヰタ・セクスアリス』〈知識〉
森鴎外が、自然主義を「動物の生態を観察するような態度」と批判した際に用いた語は何か。,傍観主義（または動物学的な観察） 〈知識〉
森鴎外が、大逆事件後の閉塞感を「ふしん」という言葉で表現した短編小説は何か。,『かのやうに』 〈知識〉
森鴎外が、乃木希典の殉死に衝撃を受け、歴史的事実を客観的に叙述した最初の作品は何か。,阿部一族（または『興津弥五右衛門の遺書』）〈頻出〉
森鴎外が、乃木希典の殉死を契機として執筆し始めた文学ジャンルは何か。,歴史小説〈頻出〉
森鴎外が、文学に主観的な理想を求める石橋寧らを批判して展開した論争を何というか。,没理想論争〈知識〉
森鴎外が、歴史小説の執筆において、事実を曲げずに伝える姿勢を示した自称を何というか。,歴史其の儘〈知識〉
森鴎外が「歴史其の儘」から転じ、作者の解釈を加え始めた歴史小説の代表作は何か。,『渋江抽斎』 〈頻出〉
森鴎外が『舞姫』の後に発表した、ドイツ留学生活を背景とする三部作の残り二作をすべて挙げよ。,『ひとり寝』『うたかたの記』 〈知識〉
森鴎外の『阿部一族』において、殉死を許されなかった阿部弥一右衛門がとった行動は何か。,切腹（屠腹） 〈知識〉
森鴎外の『雁』において、医学部生の岡田が不注意で殺してしまった鳥は何の鳥か。,雁 〈知識〉
森鴎外の『青年』において、主人公の小泉純一が当時の思想的影響を受ける人物のモデルは誰か。,夏目漱石 〈知識〉
森鴎外の『舞姫』の主人公・太田豊太郎の恋人の名前は何か。,エリス〈頻出〉
森鴎外の史伝小説の代表作で、江戸時代の医者の生涯を描いた作品は何か。,『渋江抽斎』〈知識〉
正岡子規が、和歌の革新のために紀貫之を否定し、万葉集を称揚した評論の題名は何か。,『歌よみに与ふる書』 〈頻出〉
正岡子規が俳句や短歌の近代化において提唱した、対象をありのままに捉える手法は何か。,写生〈頻出〉
正岡子規が病床で綴った、晩年の随筆集は何か。,『病牀六尺』〈知識〉
正宗白鳥が、虚無的な知識人の精神状況を冷徹に描き出した自然主義の代表作は何か。,どこへ〈知識〉
石原慎太郎が、戦後の若者の既成道徳への反逆を描き、社会現象となったデビュー作は何か。,太陽の季節〈頻出〉
石川淳が、終戦直後の混乱期に、独自の「精神の運動」を説いた評論の題名は何か。,『焼跡のイエス』 〈知識〉
石川啄木が、故郷への想いや生活の困窮を三行形式で詠った歌集は何か。,『一握の砂』〈頻出〉
石川達三が、ブラジルへの農業移民の実態を描いた、第一回芥川賞受賞作は何か。,蒼氓〈知識〉
川端康成が、「国境の長いトンネルを抜けると雪国であった」という一文で始めた作品は何か。,『雪国』〈頻出〉
川端康成が、少女たちの純粋な愛着と、その裏にある死の影を描いた初期の作品は何か。,『十六歳の日記』 〈知識〉
川端康成が、新感覚派時代の技巧と、死者への想いを融合させて描いた短編の名作は何か。,水晶の数珠（または『葬式の名人』）〈知識〉
川端康成が、茶道の形式美の中に人間関係の葛藤を描いた作品は何か。,『千羽鶴』〈知識〉
川端康成の『名人の記』において、芸の極致と対局者の心理を描いた題材の遊戯は何か。,囲碁（または『名人』）〈知識〉
戦後、安部公房とともに活躍した、『真空地帯』の作者は誰か。,野間宏〈知識〉
泉鏡花が、幻想的で神秘的な世界を描いた、金沢を舞台とする作品は何か。,『高野聖』〈頻出〉
泉鏡花や谷崎潤一郎に共通する、美を至高の価値とする美意識の傾向を何というか。,耽美主義〈頻出〉
泉鏡花や谷崎潤一郎に共通する、美を至高の価値とする美意識を何というか。,耽美主義〈頻出〉
村上春樹が、高度資本主義社会における情報と記号の戯れを描いた初期の三部作完結編は何か。,『世界の終りとハードボイルド・ワンダーランド』 〈頻出〉
村上春樹が、自身の「関わりのなさ（デタッチメント）」を背景に喪失を描いたデビュー作は何か。,風の歌を聴け〈頻出〉
村上龍が、米軍基地周辺の若者の無機質な狂気を鮮烈に描き、芥川賞を受賞したデビュー作は何か。,限りなく透明に近いブルー〈頻出〉
村上龍が、薬物と暴力に溺れる若者の焦燥を描いた、横光利一にちなむ賞を受賞した作品は何か。,『限りなく透明に近いブルー』 〈頻出〉
太宰治が、パビナール中毒と自殺未遂を経て、自身の「道化」の根源を吐露した中期の作品は何か。,『二十世紀旗手』 〈知識〉
太宰治が、井伏鱒二の紹介で結婚し、精神的な安定を得ていた時期の作品群を何というか。,中期作品〈知識〉
太宰治が、芥川賞落選や心中未遂の後のどん底で執筆した、聖書を題材とする独白体小説は何か。,駆込み訴え〈知識〉
太宰治が、自身の故郷の津島家の人々をモデルに、封建的な家の解体を描いた作品は何か。,『斜陽』 〈知識〉
太宰治が、自身の生家である津島家との絶縁と故郷への複雑な想いを綴った紀行文は何か。,津軽〈頻出〉
太宰治が、自身の半生を投影して「恥の多い生涯を送って来ました」と綴った作品は何か。,『人間失格』〈頻出〉
太宰治が、第一創作集『晩年』において、死を前提とした自己戯画化を表現した手法を何というか。,遺書（または「道化」） 〈知識〉
太宰治が、没落していく旧家の姿を描いて流行語にもなった作品は何か。,『斜陽』〈頻出〉
太宰治の『走れメロス』の典拠となった、ドイツの詩人シラーの詩の題名は何か。,人質〈知識〉
太宰治や坂口安吾ら、戦後の無頼な生活態度や反俗的精神を持つ作家たちの呼称は何か。,無頼派〈頻出〉
大江健三郎が、サルトルの実存主義の影響下で、閉塞した村の少年たちを描いた作品は何か。,『芽むしり仔撃ち』 〈頻出〉
大江健三郎が、障害を持つ子の誕生を機に、共生と魂の救済をテーマに描いた長編は何か。,万延元年のフットボール（または『個人的な体験』）〈頻出〉
大江健三郎が、障害を持つ子供の誕生を機に執筆した代表的な作品は何か。,『個人的な体験』〈知識〉
大江健三郎が、日本の戦後民主主義の象徴としての天皇制を、グロテスクな祝祭の中に描いた作品は何か。,『セヴンティーン』 〈知識〉
大江健三郎の『個人的な体験』において、主人公の「鳥（バード）」が最終的に下した決断は何か。,責任（または「引き受けること」） 〈頻出〉
大江健三郎の『万延元年のフットボール』において、四国の村で暴動を主導する兄弟の弟は誰か。,蜜三郎（または鷹四）〈知識〉
谷崎潤一郎が、関西の言葉と風俗を用いて四人姉妹の生活を描いた長編は何か。,『細雪』〈頻出〉
谷崎潤一郎が、関西移住後に古典的回帰を見せた、盲目の美貌の女性をめぐる物語は何か。,春琴抄〈頻出〉
谷崎潤一郎が、関東大震災後に移住した関西で、江戸趣味から古典趣味へ転向した契機となる作品は何か。,『痴人の愛』 〈知識〉
谷崎潤一郎が、日本の伝統美や建築の陰影の中に美の本質を見出した美学的随筆は何か。,陰翳礼讃〈頻出〉
谷崎潤一郎が、晩年に女性への崇拝を極端な形で表現した、日記形式の作品は何か。,『鍵』 〈知識〉
谷崎潤一郎の『細雪』において、四人姉妹の運命が決定づけられる、物語冒頭の出来事は何か。,雪子のお見合い 〈知識〉
谷崎潤一郎の『痴人の愛』において、主人公の譲治が教育しようとして逆に支配される女性は誰か。,ナオミ〈頻出〉
谷崎潤一郎の初期の代表作で、刺青を施された女性が美に目覚める過程を描いた作品は何か。,『刺青』〈頻出〉
中原中也の第一詩集で、喪失感や悲哀を歌った作品は何か。,『山羊の歌〉〈知識〉
中上健次が、紀州の「路地」を舞台に、血縁と地縁の呪縛を描いた代表作は何か。,『岬』 〈頻出〉
中上健次が、自身の出自である「未解放部落」を文学的トポスとして神話化した呼称は何か。,路地 〈頻出〉
中島敦が、『山月記』で虎に変身させてしまった主人公の名前は誰か。,李徴〈頻出〉
中島敦が、中国の『神異経』をもとに、博識ゆえに虎となった男の悲哀を描いた作品は何か。,『山月記』 〈頻出〉
中島敦が、南洋庁職員としてのパラオ赴任経験をもとに、一人の医師の献身を描いた作品は何か。,光と風と夢〈知識〉
中野重治が、軍国主義下の弾圧による「転向」の苦悩を、村の指導者を通じて描いた作品は何か。,村の家〈知識〉
中野重治や宮本百合子らが属し、プロレタリア文学の理論的・組織的中心となった団体は何か。,ナップ（全日本無産者芸術連盟）〈知識〉
椎名麟三が、キリスト教的実存主義の立場から、戦後の不条理な日常を笑いの中に描いた作品は何か。,深夜の酒宴〈知識〉
坪内逍遥が『小説神髄』で、当時の政治小説や翻訳文学を揶揄して用いた言葉は何か。,政治談義 〈知識〉
坪内逍遥が『小説神髄』で批判した、勧善懲悪を良しとする江戸の文学傾向を何というか。,戯作文学〈頻出〉
坪内逍遥が勧善懲悪を否定し、心理的写実を提唱した評論は何か。,『小説神髄』〈頻出〉
坪内逍遥が晩年に没頭した、日本の伝統芸能と演劇の融合を目指した活動は何か。,坪内演劇（または「新楽劇」） 〈知識〉
田山花袋が、自身の弟子への執着を赤裸々に描き、自然主義の方向性を決定づけた作品は何か。,『蒲団』〈頻出〉
田山花袋が、自身の幼少期の記憶をもとに自然主義的決定論を色濃く描いた長編は何か。,『生』 〈知識〉
田山花袋が、自然主義の「平面描写」を極め、一日の行動を詳細に記録した異色の作品は何か。,『田舎教師』 〈知識〉
田山花袋の『蒲団』のモデルとなった、彼が実際に愛着を抱いた弟子の名前は誰か。,岡田美知代〈知識〉
島崎藤村が、自身の家族間の事件を告白的に描いた長編小説は何か。,『新生』〈知識〉
島崎藤村が、自身の四人の娘を餓死させた罪悪感を背景に、再起をかけて執筆した作品は何か。,『家』 〈知識〉
島崎藤村が、被差別部落出身の教師を主人公に描いた自然主義文学の先駆的作品は何か。,『破戒』〈頻出〉
島崎藤村が、姪との禁断の愛を告白し、自然主義文学の限界を露呈したとされる長編は何か。,新生〈知識〉
島崎藤村の『春』において、北村透谷をモデルとした若き文学者の名前は誰か。,岸本捨吉〈知識〉
島崎藤村の『春』の続編として、自身の家系の苦悩を描いた長編小説の題名は何か。,『夜明け前』 〈知識〉
島崎藤村の『破戒』を、「明治の長編小説として未曾有の傑作」と激賞した作家は誰か。,夏目漱石 〈知識〉
島崎藤村の『夜明け前』において、明治維新に絶望していく主人公の名前は何か。,青山半蔵〈知識〉
島木健作が、転向後の自身の精神的再生を、ハンセン病患者との交流を通じて描いた作品は何か。,再建〈知識〉
徳田秋声が、意志の強い女性が運命に翻弄されながら生きる姿を描いた、自然主義の傑作は何か。,あらくれ〈頻出〉
徳田秋声が、市井の男女の「何事も起こらない」日常を捉えた晩年の最高傑作は何か。,『懴悔録』 〈知識〉
徳田秋声が、明治・大正・昭和を生き抜く女性の「ありのまま」を描き、川端康成に絶賛された遺作は何か。,『縮図』 〈知識〉
徳田秋声が、明治から大正への時代の変わり目を生きる女性の心理を細やかに描いた長編は何か。,縮図（または『足迹』）〈知識〉
徳冨蘆花が、キリスト教的背景をもとに、病弱な妻と夫の愛を描いた小説は何か。,『不如帰』〈知識〉
内向の世代において、自身の日常を病気や家庭の問題から細密に描いた、古井由吉の代表作は何か。,『聖（ひじり）』 〈知識〉
二葉亭四迷が、ロシア文学の翻訳を通じて近代的な内面の表現を模索した際に訳したツルゲーネフの作品は何か。,『あひびき』 〈知識〉
二葉亭四迷が「だ」調を採用する際、そのリズムの参考にしたとされる落語家は誰か。,三遊亭圓朝 〈知識〉
二葉亭四迷が『小説神髄』の理論を実践した、日本初の近代写実小説は何か。,『浮雲』〈頻出〉
二葉亭四迷が『浮雲』の後に執筆した、自身の良心と現実の葛藤を描いた自伝的小説は何か。,其面影〈知識〉
二葉亭四迷の『浮雲』のモデルとされる、江戸時代の滑稽本の作者は誰か。,式亭三馬〈知識〉
二葉亭四迷の別名（筆名）の由来となった、父から浴びせられた罵詈雑言は何か。,くたばってしめえ（草臥れて仕舞え） 〈知識〉
日本初となる女性解放運動の団体「青鞜社」を設立したのは誰か。,平塚らいてう〈頻出〉
梅崎春生が、自身の暗号兵体験をもとに、極限状態での兵士の生を問うた戦後文学の傑作は何か。,桜島〈知識〉
萩原朔太郎が、口語自由詩の完成を告げたとされる詩集は何か。,『月に吠える』〈頻出〉
樋口一葉が、わずか14ヶ月の間に傑作を連発した時期を、のちに何と呼ぶか。,奇跡の14ヶ月〈知識〉
樋口一葉が、わずか1年あまりの間に傑作を連発した時期を何というか。,奇跡の14ヶ月〈知識〉
樋口一葉が、思春期の少年少女の微妙な心理を描いた代表作は何か。,『たけくらべ』〈頻出〉
尾崎紅葉が率いた「硯友社」において、紅葉の没後にその伝統を継承した門下生の総称は何か。,紅葉門下の四天王（泉鏡花・徳田秋声・小栗風葉・柳川春葉） 〈知識〉
尾崎紅葉が率いた硯友社の機関誌は何か。,『我楽多文庫』〈知識〉
尾崎紅葉の『金色夜叉』において、貫一がお宮の裏切りを知る場所である熱海の海岸にある木は何か。,松の木（「お宮の松」） 〈知識〉
尾崎紅葉の代表作で、熱海での別れの場面が有名な未完の作品は何か。,『金色夜叉』〈頻出〉
尾崎紅葉や山田美妙らを中心に結成された、日本初の文学結社は何か。,硯友社〈頻出〉
評論文において、近代が前提としていた「大きな物語（普遍的な価値観）」が崩壊した後の状況を何というか。,ポストモダン〈頻出〉
評論文において、西欧的なロゴス（理性）中心主義を批判し、多様な価値を認める思想的立場は何か。,ポスト構造主義（または多元主義）〈頻出〉
武者小路実篤が宮崎県に建設した、理想社会の共同体の名称は何か。,新しき村〈知識〉
武者小路実篤の『友情』において、主人公が恋に敗れる親友の名前は誰か。,大宮次郎〈知識〉
武田泰淳が、極限状態での人肉食事件を題材に、倫理の崩壊を描いた作品は何か。,『野火』 〈頻出〉
武田泰淳が、中国での従軍体験からくる加害意識と、人間の残酷さを描いた代表作は何か。,蘆花（または『ひかりごけ』）〈知識〉
武田泰淳の『風媒花』において、戦後の知識人が陥った政治的・倫理的な「空転」を何というか。,空転 〈知識〉
文学界、新思潮、白樺などのように、志を同じくする作家が発行する雑誌を何というか。,同人誌〈頻出〉
文学者が戦争へ協力させられた状況において、戦地に派遣された作家群を何というか。,ペン部隊〈知識〉
平塚らいてうが『青鞜』創刊号で述べた、「元始、女性は太陽であった」に続く一句は何か。,今は真実に月なり〈知識〉
柄谷行人が、日本近代文学の成立過程を「風景の発見」などの視点から解体した著書は何か。,『日本近代文学の起源』 〈知識〉
柄谷行人が、明治以降の文学で「内面」や「風景」が発見された歴史的過程を論じた著書は何か。,日本近代文学の起源〈知識〉
柄谷行人が、漱石の『文学論』を再評価する際に注目した、漱石特有の「形式」へのこだわりを何というか。,漱石的形式 〈知識〉
保田與重郎らが中心となった「日本浪漫派」が、近代への絶望の果てに称揚した思想的傾向は何か。,日本回帰（または美的浪漫主義）〈知識〉
北原白秋が、異国情緒豊かな詩風で一世を風靡した詩集は何か。,『邪宗門』〈知識〉
北村透谷が、功利的な文学観を批判し、精神の絶対的自由を主張した処女評論の題名は何か。,『厭世詩家と女性』 〈知識〉
北村透谷が、精神の自由を求め、当時の功利主義を批判して提唱した内面的概念は何か。,内部生命〈知識〉
北村透谷が自殺する直前に、自身の「内部生命」が枯渇したことを嘆いて用いた言葉は何か。,内部生命の渇水 〈知識〉
堀辰雄が、モーリアックの影響を受け、晩年に執筆した日本の古典的感性へ回帰する作品は何か。,『大和路・信濃路』 〈知識〉
堀辰雄が、リルケの影響を受けて高原の療養所を舞台に生と死を見つめた初期の代表作は何か。,聖家族〈知識〉
堀辰雄が、王朝文学の感性と西洋モダニズムを融合させようと試みた、自身の病を題材とする作品は何か。,『かげろふの日記』 〈知識〉
堀辰雄が、結核療養所での生と死を見つめて描いた代表作は何か。,『風立ちぬ』〈頻出〉
堀辰雄の『風立ちぬ』の冒頭に引用されている、ポール・ヴァレリーの詩の一節は何か。,風立ちぬ、いざ生きめやも 〈知識〉
明治30年代、尾崎紅葉と幸田露伴が並び称された時代を指す呼称は何か。,紅露時代〈知識〉
明治から現代に至るまで、文学が「言葉」によって世界を構築するという認識の転換を何というか。,言語的転回 〈頻出〉
明治から昭和にかけて、自己の内面を虚飾なく吐露する日本独自の小説形式を何というか。,私小説〈頻出〉
明治から昭和にかけて、自己の内面を虚飾なく吐露する日本独特の小説形式は何か。,私小説〈頻出〉
明治時代の言文一致運動において、山田美妙が採用した語尾は何調か。,です・ます調〈知識〉
明治時代の言文一致運動において、二葉亭四迷が採用した語尾は何調か。,だ調〈知識〉
野間宏が、自身の青年期の挫折と、戦後の再出発を社会悪の告発と共に描いた代表作は何か。,真空地帯〈知識〉
野間宏の『真空地帯』において、軍隊組織の非人間性を告発する中心的な登場人物の名前は何か。,大宮二等兵 〈知識〉
野間宏や武田泰淳らが属し、戦後の虚脱状態から人間の再生を模索した作家群の総称は何か。,戦後派（第一次・第二次戦後派）〈頻出〉
柳田國男が、遠野地方の伝承を記録し、日本民俗学の先駆けとなった著書は何か。,『遠野物語』〈知識〉
柳田國男が、日本人の「常民」の信仰を探るために着目した、山に住む人々の伝承を何というか。,山人（やまびと） 〈知識〉
柳田國男が、日本人の深層心理や信仰を探るために着目した、人々の間に伝わる伝承の学問は何か。,民俗学〈頻出〉
有島武郎が、キリスト教的ヒューマニズムとエゴイズムの相克を描いた、奔放な女性の生涯は何か。,或る女〈頻出〉
有島武郎が、自身の所有する「狩太共生農場」を小作人に解放した際に発表した声明文は何か。,農地解放宣言（または『農場開放顛末』）〈知識〉
有島武郎が、自身の内面とキリスト教信仰の決別を描いた、自伝的な告白作品は何か。,惜しみなく愛は奪ふ〈知識〉
有島武郎が、自身の内面の「衝動」を重視し、キリスト教的博愛を否定した評論は何か。,『惜しみなく愛は奪ふ』 〈知識〉
与謝野晶子の第一歌集で、情熱的な歌風で一世を風靡した作品は何か。,『みだれ髪』〈頻出〉
里見弴や久保田万太郎ら、江戸以来の伝統的な「粋」や「情」を重んじた作家群の総称は何か。,粋（または写実派・情話派）〈知識〉
『大鏡』の序文において、大宅世継と夏山繁樹の対話を聞いている「若侍」の年齢は何歳と設定されているか。,190歳（世継）、180歳（繁樹） 〈知識〉
『万葉集』の巻数について、全何巻で構成されているか数字で答えよ。,20巻 〈頻出〉
方丈（一丈四方）の広さを、畳の枚数で換算するとおよそ何枚分か。,4畳半 〈知識〉
陰陽道における「十干十二支」の組み合わせは、全部でいくつあるか。,60通り 〈知識〉
菅原道真が遣唐使の廃止を建議したのは西暦何年か。,894年 〈知識〉
六条斎院の宣旨が作者とされる、平安後期の情緒豊かな物語の代表作は何か。,Sagoromo Monogatari（狭衣物語） 〈頻出〉
『枕草子』において、春の情趣として最も良いとされている時間帯はいつか。,あけぼの 〈頻出〉
小林一茶が、自身の波乱の人生と、父の死をめぐる葛藤を綴った俳文集は何か。,おらが春 〈頻出〉
古文の助動詞で、直接経験した過去を表す語は何か。,き 〈頻出〉
古文の助動詞で、人伝に聞いた過去や詠嘆を表す語は何か。,けり 〈頻出〉
僧侶・心敬が、連歌の神髄を「冷え」や「寂び」に求めて論じた著作は何か。,ささめごと 〈知識〉
『方丈記』の冒頭、「ゆく河の流れは絶えずして」に続く句は何か。,しかも、もとの水にあらず 〈頻出〉
古文単語「あはれなり」が表す中心的な感情は何か。,しみじみとした感動 〈頻出〉
古文において、「あまた」「ここら」「そこら」は、いずれもどのような意味か。,たくさん 〈頻出〉
『万葉集』の歌風を指し、女性的で優美な表現様式を何というか。,たをやめぶり 〈頻出〉
『更級日記』において、作者が上総国から京へ帰る途中に目撃した、富士山の噴煙の状態を形容した語は何か。,つきまじき鏡の影 〈知識〉
『枕草子』において、冬の情趣として最も良いとされている時間帯はいつか。,つとめめて 〈頻出〉
古文において、「いかでか」が反語で用いられる場合、どのような意味になるか。,どうして～だろうか（いや、～ない） 〈頻出〉
後深草院二条が、自身の波乱の人生と出家後の漂泊を赤裸々に綴った日記は何か。,とはずがたり 〈頻出〉
『とりかへばや物語』の成立背景とされる、当時の社会における「女装・男装」を指す雅語は何か。,とりかへばや 〈知識〉
『とりかへばや物語』のように、男女の兄妹が入れ替わって生活する物語の主題を何というか。,とりかへばや 〈知識〉
『和泉式部日記』において、和泉式部が敦道親王から贈られた最初の歌に登場する鳥の名前は何か。,ほととぎす 〈知識〉
平安貴族の遊び「打毬（だきゅう）」とは、現在でいうどのようなスポーツに近いか。,ポロ（またはホッケー） 〈知識〉
『万葉集』の歌風を指し、賀茂真淵が称揚した「男性的で力強い」表現様式は何か。,ますらをぶり 〈頻出〉
仏教における「八苦」のうち、愛する者と別れる苦しみを何というか。,愛別離苦 〈頻出〉
仏教における「四苦八苦」のうち、思い通りにならない苦しみ「五陰盛苦」以外の後四苦をすべて挙げよ。,愛別離苦・怨憎会苦・求不得苦・五陰盛苦 〈頻出〉
光源氏の正妻の一人で、六条御息所の生霊によって殺害された女性は誰か。,葵の上 〈知識〉
『源氏物語』において、光源氏が最も恐れた「六条御息所」の生霊が、最初に取り憑いた女性は誰か。,葵の上 〈知識〉
鴨長明が『方丈記』で記した「安元の火災」「治承の辻風」など、五つの災厄をすべて挙げよ。,安元の火災・治承の辻風・養和の飢饉・元暦の地震・福原遷都 〈知識〉
『平家物語』において、壇ノ浦の戦いで入水した幼い天皇は誰か。,安徳天皇 〈頻出〉
陰陽師として、平安中期に藤原道長らから厚い信頼を得た実在の人物は誰か。,安倍晴明 〈知識〉
『徒然草』第52段「仁和寺にある法師」が、参拝の途中で引き返してしまった山の名前は何か。,鞍馬山（または岩蔵） 〈知識〉
日本最古の歌物語とされる、125段からなる作品は何か。,伊勢物語 〈頻出〉
『枕草子』において、清少納言が一条天皇から「草の庵をばいかが思ふ」と問われた際、即座に返した言葉は何か。,遺愛寺の鐘は枕をそばだてて聴く 〈知識〉
平安時代、陰陽寮に属し、暦の作成や吉凶の判断を行った官職の名称は何か。,陰陽師 〈頻出〉
隠遁者の生活や心情を綴った文学の総称を何というか。,隠遁者文学 〈頻出〉
鎌倉時代の説話集で、庶民的な話や滑稽な話を多く含む作品は何か。,宇治拾遺物語 〈頻出〉
『源氏物語』において、光源氏の死後を描いた最後の十帖の総称は何か。,宇治十帖 〈頻出〉
日本最初の本格的な長編物語とされる、琴の伝承を軸とした作品は何か。,宇津保物語 〈頻出〉
本居宣長が、自身の学問の系統と、門人への指針を示した入門書は何か。,宇比山踏（ういやまぶみ） 〈知識〉
平安時代の成人男性が、頭に被った布製の帽子の名称は何か。,烏帽子（えぼし） 〈知識〉
上田秋成が、和漢の典拠を用いて怪異の世界を描いた、近世読本の最高傑作は何か。,雨月物語 〈頻出〉
藤原氏の栄華を肯定的に描いた、赤染衛門が作者とされる編年体の歴史物語は何か。,栄花物語 〈頻出〉
藤原定家が、自身の和歌の理想や修辞技法を論じた歌論書は何か。,詠歌大概（または『近代秀歌』） 〈知識〉
和歌において、ある語から連想される特定の語群を指す修辞技法を何というか。,縁語 〈頻出〉
極楽浄土に生まれ変わることを、熟語二字で何というか。,往生 〈頻出〉
仏教用語で、生前に阿弥陀如来を信じた者が、死後そのまま極楽へ行くことを約束されることを何というか。,往生（または来迎） 〈頻出〉
応仁の乱の推移を、足利将軍家の内紛を中心に描いた軍記物語は何か。,応仁記 〈知識〉
『竹取物語』の「火鼠の皮衣」の難題において、安倍御主人が商人に支払ったとされる対価の名称は何か。,黄金一千両 〈知識〉
『宇治拾遺物語』に含まれる「児のそら寝」の話において、児が寝たふりをした理由は何か。,牡丹餅（ぼたもち）ができるのを待つため 〈知識〉
江戸時代初期に成立した、教訓的、実用的な内容を特徴とする仮名文字主体の小説を何というか。,仮名草子 〈頻出〉
二十四節気において、昼の長さが最も長い日と、最も短い日をそれぞれ何というか。,夏至・冬至 〈頻出〉
平安時代、二つのチームに分かれて和歌の優劣を競った行事を何というか。,歌合 〈頻出〉
『伊勢物語』に代表される、和歌を物語の核として構成されたジャンルを何というか。,歌物語 〈頻出〉
地方官の「受領」が、任期終了時に発行してもらう勤務評定の証明書を何というか。,解由状（げゆじょう） 〈知識〉
最初の漢詩集とされる、奈良時代に成立した作品は何か。,懐風藻 〈頻出〉
平安時代の儀式「臨時客」とは、どのような際に行われる宴会か。,外国からの使節の歓迎会 〈知識〉
和歌において、一語に二つ以上の意味を持たせる修辞技法を何というか。,掛詞 〈頻出〉
平安時代の儀式「除目（じもく）」とは、何を行うための行事か。,官吏の任免（役職の決定） 〈知識〉
鎌倉時代、僧侶・慶政が自身の隠遁生活と信仰を背景に記した説話集は何か。,閑居友 〈知識〉
古文単語「めざまし」の主な意味を二つ答えよ。,気にくわない・意外ですばらしい 〈頻出〉
古文単語「おどろおどろし」が持つ、相反する二つのニュアンス（恐ろしい・大げさだ）以外の意味は何か。,気味が悪い 〈頻出〉
『古今和歌集』の「仮名序」の執筆者は誰か。,紀貫之 〈頻出〉
謙譲語「聞こゆ」が、手紙を出すという意味で用いられる際、特に誰に宛てる場合に使われるか。,貴人（目上の人） 〈頻出〉
柳亭種彦が、『源氏物語』を江戸時代の風俗に置き換えて描いた合巻は何か。,偽紫田舎源氏 〈頻出〉
竹本義太夫が創始した、近松の脚本を語るための独特の語り口を何というか。,義太夫節 〈知識〉
旧暦の九月九日「重陽の節句」において、長寿を祈って飲まれた酒は何か。,菊酒 〈知識〉
僧侶が托鉢や旅の際に背負った、仏像や経典を収める箱を何というか。,笈（おい） 〈知識〉
松尾芭蕉が、伊勢から大和を経て美濃へ至る旅を記した紀行文は何か。,笈の小文 〈知識〉
平安貴族の外出手段として、牛に引かせて用いた乗り物は何か。,牛車（ぎっしゃ） 〈頻出〉
能の合間に演じられ、対話と滑稽を中心とする芸能を何というか。,狂言 〈頻出〉
平安貴族が、三月上巳の日に川に盃を流し、自分の前に来るまでに歌を詠む行事は何か。,曲水の宴 〈知識〉
本居宣長が、自身の学問観や随想を記した、晩年の代表的な随筆集は何か。,玉勝間 〈頻出〉
京極為兼が編纂し、写実的で破格な詠法を特徴とする「持明院統」側の和歌集は何か。,玉葉和歌集 〈知識〉
『源氏物語』の第一帖の名称は何か。,桐壺 〈頻出〉
仏教における「三類（さんるい）」とは、どのような衆生の状態を指すか。,禽獣（鳥獣）・魚介・虫 〈知識〉
「八代集」の第五番目にあたり、源俊頼が編纂した和歌集は何か。,金葉和歌集 〈知識〉
平安時代の香合わせにおいて、数種類の香を練り合わせたものを何というか。,薫物（たきもの） 〈知識〉
塙保己一が、日本の古文献を網羅的に集大成し、後の学問の基盤とした一大叢書は何か。,群書類従 〈知識〉
平安貴族が、正月にその年の吉方を司る神を参拝することを何というか。,恵方参り 〈知識〉
『落窪物語』に代表される、継母にいじめられるヒロインが逆転して幸福になる物語の型を何というか。,継子（ままこ）いじめ物語 〈頻出〉
平安末期、建礼門院に仕えた女性が、平氏滅亡と恋人・資盛との思い出を記した私家集は何か。,建礼門院右京大夫集 〈頻出〉
敬語の種類で、動作の客体（受け手）を敬うものを何というか。,謙譲語 〈頻出〉
「聞こゆ」「聞こえさす」は、どの種類の敬語（尊敬・謙譲・丁寧）か。,謙譲語 〈頻出〉
平安貴族の成人儀礼において、男子が初めて冠を被る儀式を何というか。,元服 〈頻出〉
紫式部が執筆した、光源氏を主人公とする全五十四帖の物語は何か。,源氏物語 〈頻出〉
『更級日記』の作者が、少女時代に夢中になって読み耽った物語は何か。,源氏物語 〈頻出〉
本居宣長が『源氏物語』の注釈書を完成させた際、その物語の本質を指して用いた言葉は何か。,源氏物語玉の小櫛 〈知識〉
平安末期の歌論書『俊頼髄脳』の著者で、源経信の子である歌人は誰か。,源俊頼 〈知識〉
和歌の「八代集」を、成立順にすべて答えよ。,古今・後撰・拾遺・後拾遺・金葉・詞花・千載・新古今 〈知識〉
橘成季が編纂した、貴族社会の逸話を中心に構成された説話集は何か。,古今著聞集 〈頻出〉
最初の勅撰和歌集であり、紀貫之らが編纂した和歌集は何か。,古今和歌集 〈頻出〉
「三代集」に数えられる勅撰和歌集をすべて挙げよ。,古今和歌集・後撰和歌集・拾遺和歌集 〈頻出〉
日本最古の歴史書とされる、太安万侶が編纂した作品は何か。,古事記 〈頻出〉
源顕兼が編纂し、古今の有名な逸話を分野別に分類した説話集は何か。,古事談 〈知識〉
藤原俊成が、和歌の歴史と歌の優劣を論じた、後白河院の命による歌論書は何か。,古来風体抄 〈知識〉
古文において、「丑の刻」は現在の何時から何時を指すか。,午前1時から午前3時 〈頻出〉
平安時代、一条天皇の後宮で紫式部（彰子付）と清少納言（定子付）が仕えた文化圏の対立を何というか。,後宮文化（一条朝のサロン） 〈知識〉
「八代集」の第四番目にあたり、藤原通俊が編纂した和歌集は何か。,後拾遺和歌集 〈知識〉
鎌倉末期の歴史物語『増鏡』において、北条氏によって流刑となった三人の上皇をすべて答えよ。,後鳥羽・順徳・土御門 〈知識〉
室町時代に成立した、庶民向けの短編物語の総称（『一寸法師』など）を何というか。,御伽草子 〈頻出〉
天皇の居住空間である清涼殿において、天皇が座る正式な座所の名称は何か。,御帳台（みちょうだい） 〈知識〉
『源氏物語』五十四帖のうち、唯一「雲隠」という題名のみが存在し、本文がない巻は何を象徴しているか。,光源氏の死 〈頻出〉
井原西秋が著した、遊び人の一生を浮世の風俗と共に描いた浮世草子の第一作は何か。,好色一代男 〈頻出〉
井原西秋が、実在の心中事件などを題材に、女性の愛欲と末路を描いた作品は何か。,好色五人女 〈頻出〉
方位の「四神相応」において、南の「朱雀」に対応する、開けた土地（平地）の名称は何か。,広沢（こうたく／または「案山子」） 〈知識〉
松尾芭蕉が、自身の旅の出発点となった、信濃の月を求めて旅した記録は何か。,更級紀行 〈知識〉
菅原孝標女が、物語への憧れやその後の人生を回想した日記は何か。,更級日記 〈頻出〉
賀茂真淵が、万葉の精神を「ますらをぶり」として論じた国学の著書は何か。,国意考 〈知識〉
江戸時代、古典研究を通じて、日本独自の精神や歴史を解明しようとした学問を何というか。,国学 〈頻出〉
近松門左衛門が、和藤内を主人公に、明朝の再興をテーマに描いた時代浄瑠璃は何か。,国性爺合戦 〈頻出〉
平安貴族の女子の成人式である「裳着」において、腰紐を結ぶ役割を務める人物を何というか。,腰結（こしゆい） 〈知識〉
女子の成人式「裳着」において、裳の紐を腰で結ぶ役割を務める、徳望のある人物を何というか。,腰結（こしゆい） 〈知識〉
『今昔物語集』において、各説話の末尾に必ず置かれる、編者の主観を交えた定型句は何か。,今は昔 〈頻出〉
「四鏡」の二番目にあたり、文徳天皇から後一条天皇までを女性の視点で描いた作品は何か。,今鏡 〈頻出〉
平安・鎌倉期の説話を集めた、日本最大の説話集は何か。,今昔物語集 〈頻出〉
平安末期の歌集『梁塵秘抄』に収められた、当時の民衆に流行した歌のジャンル名は何か。,今様（いまよう） 〈頻出〉
平安時代の官職「検非違使」を設置した、薬子の変の際の天皇は誰か。,嵯峨天皇 〈知識〉
松尾芭蕉が、嵯峨の落柿舎で過ごした日々の記録を綴った日記は何か。,嵯峨日記 〈知識〉
僧侶・無住が編纂し、ユーモアを交えながら仏教の真理を説いた鎌倉時代の説話集は何か。,沙石集 〈頻出〉
勅撰和歌集の「二十一代集」の最初と最後をすべて答えよ。,最初：古今和歌集／最後：新続古今和歌集 〈知識〉
天皇の即位に伴い、伊勢神宮に奉仕するために遣わされた未婚の皇女を何というか。,斎王（さいおう） 〈頻出〉
「六歌仙」のうち、唯一『古今和歌集』の選者ではない人物は誰か。,在原業平 〈知識〉
『伊勢物語』の主人公のモデルとされる、平城天皇の孫にあたる歌人は誰か。,在原業平 〈頻出〉
「六歌仙」の六人をすべて答えよ。,在原業平・小野小町・喜撰法師・僧正遍昭・文屋康秀・大友黒主 〈頻出〉
僧侶の位のうち、最も高い三つの位（僧正、僧都、律師）の総称を何というか。,三綱（さんごう） 〈知識〉
和歌における「本歌取り」のルールとして、本歌から引用してよい上限の字数は何字以内か。,三字（または句の半分） 〈頻出〉
旧暦の呼び名で、一月・五月・九月の三か月を総称して、精進潔斎を行う月として何というか。,三長斎月（さんちょうさいがつ） 〈知識〉
平安貴族が、新婚三日目の夜に新郎新婦で食べる祝いの餅を何というか。,三日夜の餅（みかよのもち） 〈知識〉
源為憲が、尊子内親王のために仏教の教えを絵解き形式で解説した説話集は何か。,三宝絵詞 〈知識〉
陰陽道における「四神相応」において、北の玄武に対応する地形（山・川・池・道）は何か。,山 〈知識〉
万葉集の代表的歌人で、「田子の浦ゆ…」の歌で知られるのは誰か。,山部赤人 〈頻出〉
修験道において、山の中で修行を行う者の総称を何というか。,山伏（または修験者） 〈頻出〉
藤原長子が、仕えていた堀河天皇の崩御を悼み、その思い出を記した日記は何か。,讃岐典侍日記 〈知識〉
時刻の呼び名で、「寅の刻」の正刻（午前4時）を指す、鐘の数はいくつか。,四つ 〈頻出〉
平安中期の歴史物語で、藤原氏の栄華を批判的に語る「鏡物」の総称を何というか。,四鏡 〈頻出〉
『源氏物語』において、光源氏が理想の女性として育て、後に正妻格とした女性は誰か。,紫の上 〈頻出〉
「八代集」の第六番目にあたり、藤原顕輔が編纂した和歌集は何か。,詞花和歌集 〈知識〉
古文単語「はしたなし」の、主な意味を三つすべて答えよ。,似つかわしくない・きまり悪い・無愛想だ 〈頻出〉
敬語表現で、会話の中で話し手が聞き手を敬う「絶対敬語」の代表例である「侍り」と「候ふ」の使い分けを答えよ。,侍り：丁寧・謙譲／候ふ：丁寧・謙譲（「侍り」の方が格調高い） 〈頻出〉
律令制における「八省」のうち、儀式や叙位、外交を司った省は何か。,治部省 〈知識〉
古文における「夕されば」の「され」の、文法的な意味を説明せよ。,自発・完了（～になると） 〈頻出〉
和歌の修辞で、特定の語から連想される言葉を導くための「序詞」は、原則として何音以上か。,七音 〈頻出〉
『宇津保物語』において、仲忠が父・慈運から伝承される、物語の核となる楽器は何か。,七絃の琴 〈知識〉
男女の性別を入れ替えて育てる物語『とりかへばや物語』の舞台となる、当時の流行語にもなった主題は何か。,執心（しゅうしん） 〈知識〉
寝殿造において、部屋を仕切るための、上部を吊り上げる板戸を何というか。,蔀（しとみ） 〈知識〉
貴族の邸宅で、牛車を降りる際に牛車を建物の玄関に近づけるための傾斜を何というか。,車寄（くるまよせ） 〈知識〉
平安時代の邸宅において、牛車を建物に寄せるための場所を何というか。,車寄せ 〈知識〉
平安貴族の正月の行事「白馬節会（あおうまのせちえ）」において、青い馬（白馬）を見ると何が防げるとされたか。,邪気（病気） 〈知識〉
平安貴族が、春に野原へ出て、若菜を摘んだり宴を開いたりする行事を何というか。,若菜摘み 〈知識〉
律令制における「四等官」の名称を、上から順にすべて答えよ。,守・介・掾・目（かみ・すけ・じょう・さかん） 〈知識〉
平安京の設計において、内裏の南側に位置し、重要な国家儀式が行われた場所を何というか。,朱雀院（または大内裏） 〈知識〉
平安京の設計において、中央を南北に走る最大の道路の名称は何か。,朱雀大路 〈知識〉
地方官（国司）の最上位の者で、任地へ実際に下向して政務を執る者を何というか。,受領（ずりょう） 〈頻出〉
藤原公任が、紀貫之らによって再編される前の『拾遺和歌集』を私撰した際の名称は何か。,拾遺抄 〈知識〉
「三代集」の最後に編纂され、花山法皇が深く関与したとされる勅撰和歌集は何か。,拾遺和歌集 〈頻出〉
平安貴族の女子の教養「三道」のうち、「和歌」以外の二つをすべて挙げよ。,習字（能書）・琴（管弦） 〈知識〉
『落窪物語』よりも古い成立とされる、継母によるいじめを題材とした物語は何か。,住吉物語 〈知識〉
中世の説話集で、10の徳目を掲げ、それぞれの教訓に沿った逸話を集めた作品は何か。,十訓抄 〈頻出〉
勅撰和歌集「二十一代集」を構成する三つの大きなグループ（三代集、八代集、あと一つ）を何というか。,十三代集 〈知識〉
隠遁者が住まう庵を指す「方丈」とは、四方の長さが何尺であることを指すか。,十尺（一丈） 〈知識〉
平安貴族の女性の最正装である「唐衣・五衣・裳」の一般的な呼称は何か。,十二単 〈頻出〉
鎌倉時代の随筆『無名抄』の作者であり、鴨長明が師事した歌人は誰か。,俊恵（しゅんえ） 〈知識〉
旧暦における各季節（春・夏・秋・冬）に該当する月を、それぞれ三つずつ答えよ。,"春：1,2,3月／夏：4,5,6月／秋：7,8,9月／冬：10,11,12月 〈頻出〉"
上田秋成が、晩年に著した、情緒よりも理知的な怪異を特徴とする短編集は何か。,春雨物語 〈知識〉
為永春水が、江戸の町人の色恋沙汰をリアルな会話で描いた人情本の代表作は何か。,春色梅児誉美 〈頻出〉
平安貴族の女子が、教養として必ず習得すべきだった三つの技法（三道）は何か。,書道・和歌・琴（管弦） 〈知識〉
古文における「無常」を象徴する、すべてのものは移り変わるという仏教語は何か。,諸行無常 〈頻出〉
『平家物語』の冒頭、「祇園精舎の鐘の声」に続く句は何か。,諸行無常の響きあり 〈頻出〉
『平家物語』において、平清盛の死因とされる、異常な高熱を発する病を何というか。,傷寒（または熱病） 〈知識〉
鎌倉時代、藤原定家が選定したとされる、百人の歌人の代表作を一首ずつ集めたものは何か。,小倉百人一首 〈頻出〉
平安貴族の衣装で、最も内側に着る「下着」であり、現在の着物のルーツとされる衣を何というか。,小袖（こそで） 〈頻出〉
『源氏物語』の「宇治十帖」において、浮舟が最終的に出家を決意する場所（寺院）はどこか。,小野（比叡山の麓） 〈知識〉
「六歌仙」のうち、業平との恋の噂があったとされる、天子の寵愛を受けた女性歌人は誰か。,小野小町 〈知識〉
鎌倉時代の歴史物語『増鏡』が主に描いている、後鳥羽上皇から始まる出来事は何か。,承久の乱 〈知識〉
藤原定家が作者とされる、唐を舞台にした異色の王朝物語は何か。,松浦宮物語 〈知識〉
旧暦五月五日の節句において、邪気を払うために門に飾ったり身につけたりした植物は何か。,菖蒲（あやめ）・蓬（よもぎ） 〈知識〉
女性の十二単において、最も上に羽織る、腰までの短い着丈の衣を何というか。,裳（も） 〈知識〉
平安貴族の成人儀礼において、女子が成人したことを示す儀式を何というか。,裳着（もぎ） 〈頻出〉
和歌の上の句と下の句を、それぞれ何音と何音で構成するか答えよ。,上の句：5・7・5音／下の句：7・7音 〈頻出〉
平安時代の天皇が退位した後の称号を何というか。,上皇（出家後は法皇） 〈頻出〉
官位のうち、三位以上の貴族および参議を総称して何というか。,上達部（かんだちめ） 〈頻出〉
旧暦の各月において、上旬・中旬・下旬をそれぞれ指す呼称（上澣など）をすべて答えよ。,上澣（じょうかん）・中澣（ちゅうかん）・下澣（げかん） 〈知識〉
念仏を唱えることで極楽浄土へ生まれ変わることを願う思想を何というか。,浄土信仰 〈頻出〉
近松門左衛門が、浄瑠璃や歌舞伎のために確立した、人形劇の脚本形式を何というか。,浄瑠璃（または人形浄瑠璃） 〈頻出〉
古文単語「うしろめたし」の、本来の意味（気がかりだ）から派生したニュアンスを答えよ。,信頼できる 〈頻出〉
平安時代の邸宅の「中門」とは、どのような建物の間に設置される門か。,寝殿と対の屋 〈知識〉
平安時代の邸宅様式で、寝殿を中心に廊下で各建物を結んだ様式は何か。,寝殿造 〈頻出〉
『徒然草』の序段、「つれづれなるままに」に続く句は何か。,心にうつりゆくよしなしごとを 〈頻出〉
近松門左衛門が、紙屋治兵衛と紀の国屋小春の悲恋を描いた晩年の名作は何か。,心中天の網島 〈頻出〉
「八代集」の最後を飾り、藤原定家らが編纂した和歌集は何か。,新古今和歌集 〈頻出〉
毎年十一月に行われる、その年の新穀を天皇が神に供える最も重要な祭儀は何か。,新嘗祭（にいなめさい） 〈頻出〉
山崎宗鑑が編纂し、滑稽や卑俗な内容を取り入れた俳諧連歌の撰集は何か。,新撰犬筑波集 〈頻出〉
平安貴族が外出時に、自分の身分や方角を隠すために用いた竹製の被り物は何か。,深編笠（ふかあみがさ） 〈知識〉
僧侶が外出時に用いた、竹や藺草で編んだ大きな被り物を何というか。,深編笠（ふかあみがさ） 〈知識〉
日本最古の物語とされる『竹取物語』の文体について、漢字のみで記されたものを何というか。,真名（まな） 〈知識〉
十二支による時刻表現で、「子の刻（ねのこく）」は現在の何時ごろか。,真夜中（午前0時）ごろ 〈頻出〉
北畠親房が、南朝の正統性を主張するために記した歴史書は何か。,神皇正統記 〈頻出〉
平安貴族の女子の髪型で、髪を後ろに長く垂らした状態を何というか。,垂髪（すべらかし） 〈知識〉
『和泉式部日記』において、作者と恋仲になる人物の通称を何というか。,帥の宮（そちのみや／敦道親王） 〈知識〉
『和泉式部日記』で、亡き弾正宮の身代わりとして式部に言い寄る人物の官職名は何か。,帥の宮（そちのみや／敦道親王） 〈知識〉
四鏡のうち、神武天皇から文徳天皇までの歴史を紀伝体で記した、三番目の作品は何か。,水鏡 〈頻出〉
「四鏡」の三番目にあたり、神武天皇から文徳天皇までを記した歴史物語は何か。,水鏡 〈頻出〉
菅原道真が、自身の漢詩と和歌を対比させて編纂したとされる作品は何か。,菅家文草 〈知識〉
『浜松中納言物語』や『夜の寝覚』など、夢や転生を主題とする平安後期の物語群の作者は誰か。,菅原孝標女 〈知識〉
『更級日記』の作者・菅原孝標女が、自身の家系を誇る際に挙げた、高名な祖先の名前は誰か。,菅原道真 〈知識〉
井原西秋が、大晦日の借金取りとの駆け引きなど、町人の苦労を描いた晩年の傑作は何か。,世間胸算用 〈頻出〉
『宇治拾遺物語』のジャンルを何というか。,世俗説話（説話集） 〈頻出〉
十二支による時刻表現で、「午の刻（うまのこく）」は現在の何時ごろか。,正午（午後12時）ごろ 〈頻出〉
清少納言の父であり、梨壺の五人の一人として『後撰和歌集』の編纂に関わった人物は誰か。,清原元輔 〈知識〉
仏教における「四苦八苦」の「四苦」をすべて挙げよ。,生・老・病・死 〈知識〉
隠遁者文学の代表者で、北面の武士から出家して旅を続けた歌人は誰か。,西行 〈頻出〉
『新古今和歌集』の隠れたテーマとされる、隠遁者が抱く「寂しさ」の三つの形「三夕の歌」の作者をすべて答えよ。,西行・寂蓮・藤原定家 〈頻出〉
古文単語「まめなり」の主な意味を二つ答えよ。,誠実だ・実用的だ 〈頻出〉
『更級日記』において、作者が「物語のゆかり」を求めて旅をした、終着点となった地名はどこか。,石山寺 〈知識〉
男性が束帯や直衣を着用する際、腰に巻く漆塗りの帯の名称は何か。,石帯（せきたい） 〈知識〉
「八代集」のうち、七番目に位置し、平忠度の「行き暮れて…」の歌が載っている和歌集は何か。,千載和歌集 〈知識〉
「八代集」の第七番目にあたり、藤原俊成が編纂した和歌集は何か。,千載和歌集 〈頻出〉
天皇の命令を直接伝える公文書で、蔵人所から発せられる書状を何というか。,宣旨（または綸旨） 〈知識〉
方位の「四神相応」において、東の「青龍」に対応する地形的特徴は何か。,川（流水） 〈知識〉
西行が編纂したとされるが、実際は後世の作とされる、西行にまつわる説話を集めた作品は何か。,撰集抄 〈知識〉
万葉集に見られる、五七七・五七七の六句で構成される特殊な歌体を何というか。,旋頭歌（せどうか） 〈知識〉
曽我兄弟の仇討ちを題材に、多くの異本を生み出しながら語り継がれた軍記物語は何か。,曽我物語 〈頻出〉
近松門左衛門が、お初と徳兵衛の心中を描き、空前のヒットとなった世話浄瑠璃は何か。,曽根崎心中 〈頻出〉
僧侶の最高位「法印」の下に位置する、二つの僧位を順に答えよ。,僧正・僧都 〈知識〉
「六歌仙」のうち、唯一の僧侶は誰か。,僧正遍昭 〈知識〉
江戸時代後期に流行した、挿絵を主とし、文章を添えた大衆向け絵本の総称は何か。,草双紙（または合巻） 〈頻出〉
『平家物語』の「先帝入水」の場面で、安徳天皇と共に海に沈んだ「三種の神器」のうち、失われたものはどれか。,草薙剣（くさなぎのつるぎ） 〈知識〉
「四鏡」の四番目にあたり、承久の乱から後醍醐天皇の即位までを描いた歴史物語は何か。,増鏡 〈頻出〉
平安時代の公文書「綸旨（りんじ）」を発給する、天皇に近侍した役職を何というか。,蔵人（くろうど） 〈知識〉
蔵人所の役職で、天皇の側近として機密を扱い、六位ながら昇殿を許された者を何というか。,蔵人（六位の蔵人） 〈頻出〉
平安時代、天皇に近侍し、機密を司る蔵人所の長官を指す官職名は何か。,蔵人頭（くろうどのとう） 〈頻出〉
平安貴族の正装で、男性が公的な場で着用した服飾は何か。,束帯 〈頻出〉
男性の正装「束帯」において、袴の裾を括り上げるための紐の名称を何というか。,足結（あゆい） 〈知識〉
『栄花物語』の続編とされる、藤原道長の死後から堀河天皇の崩御までを描いた作品は何か。,続古事談 〈知識〉
最高敬語「せたまふ・させたまふ」において、助動詞「す・さす」はどのような意味で用いられているか。,尊敬（最高尊敬） 〈頻出〉
敬語の種類で、動作の主体（主語）を敬うものを何というか。,尊敬語 〈頻出〉
「のたまふ」「仰せらる」は、どの種類の敬語（尊敬・謙譲・丁寧）か。,尊敬語 〈頻出〉
日本最古の歴史書『古事記』において、稗田阿礼が暗唱していた内容を筆録した人物は誰か。,太安万侶 〈頻出〉
南北朝時代の動乱を、後醍醐天皇の挙兵から足利氏の興隆まで描いた軍記物語は何か。,太平記 〈頻出〉
狂言に登場する、主人の使い走りを務める代表的なキャラクターの名前は何か。,太郎冠者 〈頻出〉
古文単語「心もとなし」が表す、じっとしていられない心理を二つ答えよ。,待ち遠しい・不安だ 〈頻出〉
平安時代の教育機関で、貴族の子弟が学んだ場所を何というか。,大学寮 〈知識〉
平安中期の藤原道長の栄華を批判的に描いた、四鏡の第一作である歴史物語は何か。,大鏡 〈頻出〉
「四鏡」と呼ばれる歴史物語を、成立順にすべて挙げよ。,大鏡・今合鏡・水鏡・増鏡 〈頻出〉
天皇の即位後、初めて行われる新嘗祭のことを特に何というか。,大嘗祭（だいじょうさい） 〈頻出〉
『大鏡』において、物語の語り手として登場する二人の老人の名前をすべて挙げよ。,大宅世継・夏山繁樹 〈頻出〉
平安末期の歌物語で、在原業平の末裔とされる人物が各地の和歌の逸話を記した作品は何か。,大和物語 〈頻出〉
旧暦の六月晦日に行われる、半年の罪や穢れを祓う儀式を何というか。,大祓（おおはらえ） 〈頻出〉
十二支を方位に当てはめた際、北西を指す「戌亥」と対角線にある、東南の方位を何というか。,巽（たつみ） 〈頻出〉
『蜻蛉日記』の作者が、夫・兼家の足が遠のいたことを「嘆きつつ独り寝る夜」と表現した有名な和歌の初句は何か。,嘆きつつ 〈知識〉
古文単語「をかし」が表す中心的な情趣は何か。,知的・客観的な明るい美 〈頻出〉
官位のうち、四位・五位の者で、天皇への昇殿を許されない者を何というか。,地下（じげ） 〈知識〉
仏教における「三悪道（三途）」を、すべて挙げよ。,地獄・餓鬼・畜生 〈知識〉
『平家物語』「宇治川の先陣」において、佐々木高綱が跨っていた名馬の名称は何か。,池月（いけづき） 〈知識〉
日本最古の物語とされる、かぐや姫の昇天を描いた作品は何か。,竹取物語 〈頻出〉
仏教用語で、死者の追善供養を七日ごとに行い、最終的に四十九日目を迎えることを何というか。,中陰（ちゅういん）供養 〈知識〉
『枕草子』において、清少納言が「少納言よ、香炉峰の雪はいかならん」と問われた相手は誰か。,中宮定子 〈知識〉
旧暦八月十五日の夜に、月を鑑賞する行事を何というか。,中秋の名月（または十五夜） 〈頻出〉
律令制における「三省」の名称（中務省、式部省など）を、すべて答えよ。,中務省・式部省・治部省・民部省・兵部省・刑部省・大蔵省・宮内省 〈知識〉
鎌倉時代、中務の内侍が伏見天皇に仕えた記録を記した日記は何か。,中務内侍日記 〈知識〉
『堤中納言物語』に収められた、毛虫を愛でる風変わりな姫君を描いた短編の題名は何か。,虫めづる姫君 〈頻出〉
敬語の種類で、聞き手に対して丁寧な態度を表すものを何というか。,丁寧語 〈頻出〉
平安貴族の女性が、自分の寝所（ベッド）として用いた、カーテンのような仕切りのある場所を何というか。,帳台（ちょうだい） 〈頻出〉
万葉集の「反歌（はんか）」に対して、本歌の意を補うために詠まれる長い歌を何というか。,長歌 〈頻出〉
『宇治拾遺物語』「わらしべ長者」において、主人公が観音様から受けた「最初に手にしたものを大事にせよ」というお告げがあった寺はどこか。,長谷寺 〈頻出〉
和歌において、天皇が主体となって編纂された和歌集を総称して何というか。,勅撰和歌集 〈頻出〉
『続日本紀』において、初めて見られる「宣命体」とは、どのような文体を指すか。,勅令を記した文体 〈知識〉
平安貴族の男性が、私的な場で着用した簡略な服飾は何か。,直衣（のうし） 〈知識〉
『大鏡』の序文において、歴史を語る老人が「鏡」という比喩を用いた理由を、二字の熟語で何というか。,直記（ちょっき） 〈知識〉
平安時代の結婚形態で、男性が女性の家へ通う形式を何というか。,通い婚（婿入り婚） 〈頻出〉
貴族の住居で、池に突き出るように作られた、納涼や詩歌の会に用いられる建物を何というか。,釣殿（つりどの） 〈知識〉
短編物語集の形式をとり、「虫めづる姫君」などを収録した作品は何か。,堤中納言物語 〈頻出〉
敬語において、最高敬語（二重敬語）を用いる対象となる人物を二人挙げよ。,天皇・中宮 〈頻出〉
天皇の居住空間である「清涼殿」において、殿上人が控える間を何というか。,殿上の間 〈知識〉
五位・四位の貴族のうち、宮中の清涼殿への昇殿を許された者を何というか。,殿上人 〈頻出〉
兼好法師が、多岐にわたる見聞や思索を綴った南北朝時代の随筆は何か。,徒然草 〈頻出〉
二条良基が編纂した、最初の「勅撰連歌集」とされる作品は何か。,菟玖波集 〈頻出〉
紀貫之が土佐から京へ帰る旅路を、女性に仮託して記した日記は何か。,土佐日記 〈頻出〉
牛車の種類のうち、最も格式が高く、天皇や摂関家などが用いたものを何というか。,唐車（からぐるま） 〈知識〉
『万葉集』に含まれる、東国（関東地方）の庶民の生活や感情を詠った歌を何というか。,東歌（あずまうた） 〈頻出〉
十返舎一九が、弥次さんと喜多さんの旅の失敗談を描いた滑稽本の代表作は何か。,東海道中膝栗毛 〈頻出〉
平安後期の物語『狭衣物語』の主人公・狭衣の大将が終始思慕し続けていた従姉妹は誰か。,藤原の暒子（さいし） 〈知識〉
『古今著聞集』の編纂者・橘成季が仕えていた、当時の学問の中心的人物であった貴族は誰か。,藤原実頼 〈知識〉
『源氏物語』が執筆されるきっかけとなった、藤原道長の娘で一条天皇の中宮は誰か。,藤原彰子 〈知識〉
『源氏物語』において、光源氏が唯一「北の方（正妻）」として扱った女性は誰か。,藤原彰子（または「なし」が正解。正式な北の方ではないため） 〈知識〉
『枕草子』の作者、清少納言が仕えた一条天皇の中宮は誰か。,藤原定子 〈知識〉
『更級日記』の作者、菅原孝標女の叔母にあたる『蜻蛉日記』の作者は誰か。,藤原道綱母 〈頻出〉
『源氏物語』の執筆を支援し、物語内に自身の栄華を投影させたとされる最高権力者は誰か。,藤原道長 〈頻出〉
寝殿造において、寝殿と対の屋、または対の屋同士を結ぶ屋根付きの廊下を何というか。,透渡殿（すきわたどの） 〈知識〉
寝殿造において、建物同士をつなぐ廊下のうち、壁がなく柱のみで構成されたものを何というか。,透渡殿（すきわたどの） 〈知識〉
『落窪物語』でヒロインを助け、継母に復讐を果たす夫・右近の少将の本名は何か。,道頼（みちより） 〈知識〉
天皇の正式な食事「御膳（おもの）」において、毒見を担当した役職を何というか。,毒見役（または「内膳司」） 〈知識〉
『平家物語』「扇の的」の場面で、平家の挑発に応じて扇を射落とした武士は誰か。,那須与一 〈頻出〉
曲亭馬琴が、八犬士の活躍を儒教的徳目と共に描いた、超長編の読本は何か。,南総里見八犬伝 〈頻出〉
平安貴族の住居で、寝殿の前に広がる庭の南側に作られた池の名称は何か。,南池（なんち） 〈知識〉
平安時代から室町時代までの21の勅撰和歌集を総称して何というか。,二十一代集 〈頻出〉
中世和歌の二大流派「二条派」と「京極派」のうち、古風で保守的な詠法を守ったのはどちらか。,二条派 〈知識〉
平安貴族の婚姻儀礼で、二日目の夜に新婦側が新郎側をもてなす宴を何というか。,二夜の餅 〈知識〉
『源氏物語』の「宇治十帖」で、薫のライバルとして登場する村上天皇の皇子は誰か。,匂宮（におうのみや） 〈知識〉
『源氏物語』五十四帖のうち、光源氏の死後の世界を描いた「宇治十帖」をすべて順に挙げよ。,匂宮・竹河・橋姫・椎本・総角・早蕨・宿木・東屋・浮舟・蜻蛉・手習・夢浮橋 〈知識〉
井原西秋が、町人の経済生活や蓄財の知恵を写実的に描いた浮世草子は何か。,日本永代蔵 〈頻出〉
舎人親王らが編纂した、編年体で記された日本最初の官撰正史は何か。,日本書紀 〈頻出〉
奈良時代、僧侶・景戒が編纂した日本最初の仏教説話集は何か。,日本霊異記 〈頻出〉
修験道の修行において、山中での厳しい修行を経て、霊的な力を得ることを何というか。,入峰（にゅうぶ） 〈知識〉
光源氏が、最も愛した紫の上が死去した翌年の心情を綴った巻「幻」の由来となった、仏教の比喩は何か。,如夢幻泡影 〈知識〉
『更級日記』において、作者が「猫」として溺愛した、亡き侍女の生まれ変わりとされる生き物は何か。,猫 〈知識〉
観阿弥が、猿楽に舞と歌を統合し、幽玄の美を確立した芸能を何というか。,能（または能楽） 〈頻出〉
『平家物語』「木曾の最期」において、木曾義仲と最期まで戦った女性の呼称は何か。,巴御前 〈頻出〉
『源氏物語』「宇治十帖」のヒロイン三姉妹（大君・中君・浮舟）の、それぞれの父親は誰か。,八の宮（はちのみや） 〈知識〉
二十四節気において、春の始まり（立春）から数えて八十八日目の、農作業の目安となる日は何か。,八十八夜 〈頻出〉
『平家物語』において、那須与一が扇を射る際に祈りを捧げた、三つの神仏をすべて挙げよ。,八幡大菩薩・金比羅権現・那須の温泉大明神 〈知識〉
鴨長明が編纂した、仏教的な説話を集めた作品は何か。,発心集 〈知識〉
平安貴族の女性が外出時に、頭から被った着物のような布を何というか。,被衣（かずき） 〈知識〉
天皇が居住する内裏において、中宮の御座所として最も格式が高かった殿舎は何か。,飛香舎（ひぎょうしゃ／藤壺） 〈知識〉
琵琶法師が『平家物語』を語る際に用いた楽器は何か。,琵琶 〈頻出〉
『方丈記』で、鴨長明が庵の生活の楽しみとして奏でたと記されている二つの楽器をすべて挙げよ。,琵琶・琴（和琴） 〈知識〉
『平家物語』の成立に深く関わり、語り物として完成させた「盲目の僧侶」の総称を何というか。,琵琶法師 〈頻出〉
菅原孝標女が著した、唐（中国）に渡った主人公が霊奇な体験をする物語は何か。,浜松中納言物語 〈知識〉
仏教における「五戒」のうち、酒を飲んではいけないという戒律を何というか。,不飲酒戒（ふおんじゅかい） 〈知識〉
「日本文化の理想」として和歌の道を指す際に用いられる別称は何か。,敷島（しきしま）の道 〈頻出〉
式亭三馬が、床屋を舞台に江戸の風俗を活写した滑稽本は何か。,浮世床 〈頻出〉
式亭三馬が、江戸の銭湯での庶民の会話を生き生きと描いた滑稽本は何か。,浮世風呂 〈頻出〉
光厳上皇が編纂に関わり、中世和歌の新しい傾向を示した「北朝」側の和歌集は何か。,風雅和歌集 〈知識〉
世阿弥が、能の芸術論や修行論を論じた、日本最古の演劇論書は何か。,風姿花伝 〈頻出〉
元明天皇の命により、地方の産物、地名の由来、伝承などを記録した報告書は何か。,風土記 〈頻出〉
平安時代の薫香（お香）において、香を焚くのではなく、衣類に香りを移すために用いる道具を何というか。,伏籠（ふせご） 〈知識〉
十二支による時刻表現で、一刻（約2時間）をさらに四つに分けた単位を何というか。,分（ぶ） 〈知識〉
『大鏡』の序文において、二人の老人の話を聞いている「若侍」の役割を何というか。,聞き手 〈知識〉
平家一門の興亡を、和漢混交文で記した軍記物語は何か。,平家物語 〈頻出〉
平治の乱の推移を、三条殿の焼失や源義朝の最期を中心に描いた軍記物語は何か。,平治物語 〈頻出〉
『平家物語』において、平清盛の死後、一門を率いて都落ちを決断した人物は誰か。,平宗盛 〈知識〉
鎌倉時代、弁の内侍が後深草天皇に仕えた記録を記した日記は何か。,弁内侍日記 〈知識〉
保元の乱の推移を、源為朝の武勇を中心に描いた軍記物語は何か。,保元物語 〈頻出〉
陰陽道において、方位の吉凶を司る神を何というか。,方位神 〈知識〉
平安貴族が、自宅から見て吉方に位置する場所に移動し、一泊することを何というか。,方違え（かたたがえ） 〈頻出〉
陰陽道において、不吉な方角を避けるために前夜に別の方角へ泊まる行為を何というか。,方違え（かたたがえ） 〈頻出〉
陰陽道において、方位の神が特定の場所に滞在しているため、そこへ行くことを禁じる行為は何か。,方塞がり（または方違え） 〈頻出〉
鴨長明が、乱世の無常観を方丈の庵で綴った鎌倉初期の随筆は何か。,方丈記 〈頻出〉
『万葉集』に含まれる、九州警備に赴いた兵士たちが故郷を思って詠った歌を何というか。,防人歌（さきもりうた） 〈頻出〉
方位の「四神」について、北、東、南、西の聖獣をすべて答えよ。,北：玄武／東：青龍／南：朱雀／西：白虎 〈頻出〉
陰陽道における「四神」について、北・東・南・西を守護する聖獣をそれぞれ順に答えよ。,北：玄武／東：青龍／南：朱雀／西：白虎 〈頻出〉
十二支による方角表現で、正北と正南を指す語をそれぞれ答えよ。,北：子（ね）／南：午（うま） 〈頻出〉
「四神」について、対応する「五行（木・火・土・金・水）」を、北から時計回りに順に答えよ。,北：水／東：木／南：火／西：金（中心は土） 〈頻出〉
方位の「四神」について、北、東、南、西に対応する四つの季節をそれぞれ答えよ。,北：冬／東：春／南：夏／西：秋 〈頻出〉
方位表現で、「乾（いぬい）」はどの方角を指すか。,北西 〈知識〉
『源氏物語』の注釈書『湖月抄』を著した、江戸時代の俳人は誰か。,北村季吟 〈知識〉
方位表現で、「艮（うしとら）」はどの方角を指すか。,北東（鬼門） 〈頻出〉
平安時代、宮中の警護や行幸の供を務めた、白河上皇により設置された武士集団は何か。,北面の武士 〈知識〉
旧暦の「睦月（1月）」から「師走（12月）」まで、12か月の名称をすべて順に答えよ。,睦月・如月・弥生・卯月・皐月・水無月・文月・葉月・長月・神無月・霜月・師走 〈頻出〉
和歌において、前の歌の語句や発想を取り入れて新しい歌を作る技法を何というか。,本歌取り 〈頻出〉
中世の仏教で重視された、神の本体（仏）が日本の神として現れる際の「本体」を指す語は何か。,本地（ほんじ） 〈頻出〉
神の本体は仏であり、日本の神は仏が現れた姿であるとする思想を何というか。,本地垂迹（ほんじすいじゃく） 〈頻出〉
藤原明衡が、当時の代表的な漢詩文や公文書を集めた文例集は何か。,本朝文粋 〈知識〉
鎌倉時代、藤原定家が自身の理想とする歌論をまとめた著述は何か。,毎月抄（または近代秀歌） 〈知識〉
和歌の修辞で、五音または七音の語を用いて、その下の語に特定のイメージを付与する、序詞以外の技法は何か。,枕詞 〈頻出〉
和歌において、特定の語を導くために置かれる五音の修辞技法を何というか。,枕詞 〈頻出〉
清少納言が中宮定子に仕えた宮廷生活や見聞を記した随筆は何か。,枕草子 〈頻出〉
仏教思想で、釈迦の死後、正しい教えが衰え世が乱れるという時代観を何というか。,末法思想 〈頻出〉
契沖が、万葉集の注釈を通じて、実証的な文献学の基礎を築いた著書は何か。,万葉代匠記 〈知識〉
『源氏物語』の最終帖（第五十四帖）の名称は何か。,夢浮橋 〈頻出〉
鎌倉時代の説話集『沙石集』の編者で、仏教の教えを分かりやすく説いた僧侶は誰か。,無住（むじゅう） 〈知識〉
鎌倉時代に成立した、王朝物語の欠点を指摘し批評を加えた日本最初の物語評論は何か。,無名草子 〈頻出〉
近松門左衛門が、実在の心中事件を題材に、飛脚の男の過ちと破滅を描いた作品は何か。,冥途の飛脚 〈頻出〉
儀式や宴会の際、貴族が自分の名前を記して座席に置いた札を何というか。,銘（めい） 〈知識〉
菅原孝標女が著した、男女の宿世や夢を幻想的に描いた物語は何か。,夜の寝覚（または『夜半の寝覚』） 〈知識〉
松尾芭蕉が、漂泊の旅の中で詠んだ句や心情を記した、最初の紀行文は何か。,野ざらし紀行 〈知識〉
『更級日記』の作者である菅原孝標女が、物語への執着を捨てるきっかけとなった供養の名称は何か。,薬師仏の供養 〈知識〉
藤原定家が『新古今和歌集』で理想とした、妖艶で余情豊かな歌風を何というか。,有心（うしん） 〈知識〉
藤原定家が『近代秀歌』において提唱した、和歌の理想的な風体を指す用語は何か。,有心（うしん） 〈知識〉
陰陽道において、天一神が天に昇っている間、どこへ行っても障りがない期間を何というか。,遊日（あそびび） 〈知識〉
古文における「夕されば」の「されば」とは、どのような意味か。,夕方になると 〈頻出〉
『徒然草』第137段において、兼好法師が「月は隈なきをのみ見るものかは」と述べた、独自の美学を何というか。,余情の美（または「不完全の美」） 〈知識〉
中世から近世にかけて、三味線や歌と共に語られる物語のジャンルを何というか。,謡曲（または幸若舞など） 〈知識〉
阿弥陀如来が極楽浄土から死者を迎えに来る様子を描いた仏画を何というか。,来迎図 〈知識〉
与謝野蕪村が、画家としての視点を生かしつつ、俳諧において提唱した理想は何か。,離俗（または「俳画一致」） 〈知識〉
奈良時代に嵯峨天皇の命で編纂された、最初の「勅撰漢詩集」は何か。,凌雲集 〈知識〉
平安初期、嵯峨天皇の命で編纂された、最初の「勅撰漢詩集」は何か。,凌雲集 〈頻出〉
平安貴族の女性が、自分の姿を隠すために用いた竹製の仕切りを何というか。,簾（すだれ） 〈頻出〉
二条良基が、連歌の歴史や作法を論じた代表的な連歌論書は何か。,連理秘抄 〈知識〉
平安貴族の結婚で、三日間通い続けた後に、初めて新郎が新婦の親族と対面する儀式は何か。,露顕（ところあらわし） 〈頻出〉
在原業平、小野小町らを含む、『古今和歌集』仮名序で評された歌人の総称を何というか。,六歌仙 〈頻出〉
陰陽道における「庚申待ち」とは、年に何度あるか。,六回 〈知識〉
『日本書紀』から『日本三代実録』までを合わせた、六つの官撰史書の総称は何か。,六国史（りっこくし） 〈頻出〉
仏教用語で、生前の業によって死後に行く六つの世界を総称して何というか。,六道（ろくどう） 〈知識〉
藤原公任が、漢詩文の名句と和歌を分類・収録した、朗詠のためのアンソロジーは何か。,和漢朗詠集 〈頻出〉
紫式部が日記の中で、その才能を認めつつも性格を批判した、同時代の女性作家は誰か。,和泉式部（または清少納言） 〈知識〉
連歌において、発句（ほっく）の次に詠まれる、二句目の名称を何というか。,脇句 〈知識〉
貴族の住居で、布を垂らして視線を遮る、移動式の目隠し家具を何というか。,几帳（または帳台） 〈知識〉
『源氏物語』の「帚木」三部作のうち、光源氏が正妻・葵の上を避けて紀伊守の邸へ向かう巻は何か。,帚木 〈知識〉
『源氏物語』において、光源氏が須磨へ退去する直接のきっかけとなった女性は誰か。,朧月夜（おぼろづくよ） 〈知識〉
平安貴族の女性が用いた、扇の骨に美しい絵を描き、紐を垂らした装飾的な扇は何か。,檜扇（ひおうぎ） 〈知識〉
平安時代の成人男性が、普段着のままで参内する際に用いた、木製の板状の持ち物は何か。,笏（しゃく） 〈知識〉
平安貴族の男性が、正装の際に腰に下げた、自分の名前や官職を記した木札を何というか。,笏（しゃく） 〈知識〉
平安初期、空海が編纂した日本最古の辞書とされる作品は何か。,篆隷万象名義 〈知識〉
藤原道綱母が、夫・藤原兼家との結婚生活への不満を中心に綴った日記は何か。,蜻蛉日記 〈頻出〉
『古今和歌集』の「六義（りくぎ）」のうち、比喩を用いて教訓や感情を伝える手法は何か。,譬喩（ひゆ） 〈知識〉
牛車のパーツで、牛の首にかける横木の名称は何か。,軛（くびき） 〈知識〉
『宇治拾遺物語』において、地獄から戻った者が、地獄での出来事を報告した相手は誰か。,閻魔大王 〈知識〉
平安貴族の成人男子が、髪を頭上で結い上げた状態を何というか。,髻（もとどり） 〈知識〉
「一・二・三」の点でも戻りきれない場合に用いる、漢字の左下に付す記号は何か。,上・中・下点 〈頻出〉
「一・二・三」点と「上・中・下」点が混在する場合、先に読むのはどちらの点か。,一・二・三点 〈頻出〉
「何如」と「如何」のうち、手段や処置（どうしたらよいか）を問う際に用いられるのはどちらか。,如何（いかん）〈頻出〉
「臥薪嘗胆」の故事において、呉王夫差と戦った越王の名前は誰か。,勾践（こうせん） 〈知識〉
「完璧（和氏之璧）」の故事において、秦王を相手に知略を尽くした趙の賢臣は誰か。,藺相如（りんしょうじょ） 〈知識〉
「完璧」の故事において、藺相如が守り抜いた宝玉「和氏之璧」の「和氏」とは何を指すか。,発見者の名前（和氏） 〈知識〉
「完璧」の故事において、藺相如が命懸けで守った趙の宝玉を何というか。,和氏之璧（かしのへき）〈頻出〉
「甲・乙・丙」点は、どのような場合に用いられる返り点か。,上・中・下点をさらに跨ぐ必要がある場合 〈頻出〉
「四面楚歌」の状況で、最期を悟った項羽が詠んだ詩の名称は何か。,垓下歌（がいかのうた） 〈知識〉
「唐宋八大家」のうち、宋代の文壇を指導し、蘇軾らの才能を見出した人物は誰か。,欧陽脩〈頻出〉
「之（これ）」が、文中で特定の語を強調するために前へ出す働きを何というか。,目的語の前置（または「之」による提示） 〈知識〉
「之（これ）」を目的語として動詞の前に置き、特定の事柄を強調する語順の働きを何というか。,目的語の前置〈知識〉
「背水の陣」の故事の主役である、漢の武将は誰か。,韓信 〈頻出〉
『漢書』の作者で、断代史（一つの王朝の歴史）の形式を確立した人物は誰か。,班固〈頻出〉
『史記』において、王位にはないが歴史を動かした有力な一族や諸侯を記した巻を何というか。,世家（せいか） 〈頻出〉
『史記』において、天子の年代記である「本紀」に対し、諸侯の歴史を記した巻を何というか。,世家（せいか）〈頻出〉
『史記』の「列伝」の筆頭に置かれ、節義を守って餓死した兄弟の伝記を何というか。,伯夷叔斉列伝〈知識〉
『史記』の構成（五体）をすべて挙げよ。,本紀・表・書・世家・列伝 〈頻出〉
『老子』において、最上の善は水のように争わず低い所へ流れることだとする言葉は何か。,上善如水 〈知識〉
一字分だけ下から上へ戻って読むときに用いる記号は何か。,レ点 〈頻出〉
詠嘆を表す文末の助字「乎・夫・哉」などの読みをすべて答えよ。,～（セ）んや・～かな 〈頻出〉
王陽明が、人間が本来備えている善悪の判断能力を指して用いた語は何か。,良知 〈知識〉
王陽明が提唱した、心こそが理であるとする「心即理」に対し、朱熹が唱えた理の在り方を何というか。,性即理〈頻出〉
王陽明が提唱した、知識と実践は本来一体であるとする思想を何というか。,知行合一 〈頻出〉
科挙の最終試験として、皇帝自らが行う試験を何というか。,殿試（でんし） 〈知識〉
官吏が自分の意志で辞職を願い出ることを、「身体を返してほしい」という比喩で何というか。,骸骨を乞う（がいこつをこう）〈頻出〉
官吏が定年で退職することを、漢文特有の言い回しで何というか。,骸骨を乞う（がいこつをこう） 〈頻出〉
官吏登用のための試験制度で、隋で始まり清まで続いた制度は何か。,科挙 〈頻出〉
漢代、五経の文字の解釈を主とした学問を、宋代の新儒学に対して何というか。,訓詁学 〈頻出〉
漢代に五経が尊重された際、それらを教授するために置かれた官職を何というか。,五経博士 〈知識〉
漢文で「愛（を惜）しむ」が、愛情以外の意味（節約・出し惜しみ）で用いられる際の典型的な文脈は何か。,命や財産を出し惜しみする場面 〈知識〉
漢文で「愛（を惜）しむ」という表現が、生命や財産を「出し惜しみする」という意味で使われる際のニュアンスを答えよ。,惜しむ（出し惜しみする）〈知識〉
漢文の基本構造において、述語の前に置かれ、主語が動作を「～させる」という意を加える語を何というか。,助動詞（または使役の助字）〈頻出〉
漢文の構造において、述語の前に置いて「～させる」という意味を添える助動詞を何というか。,助動詞（または使役の助字） 〈頻出〉
漢文の授業などで用いられる、漢字のみで書かれた本文を何というか。,白文（はくぶん） 〈頻出〉
漢文の文章構造において、主語を何というか。,主語 〈頻出〉
漢文の文章構造において、述語にあたる動作や状態を表す語を何というか。,述語 〈頻出〉
韓非が君主の統治術として説いた、法（法律）と並ぶもう一つの重要な要素は何か。,術〈知識〉
韓非が説いた、君主が臣下を操るための「二柄」とは何か、二つ答えよ。,刑・徳 〈知識〉
韓愈が「師説」において、師に付いて学ぶことの重要性を説く際に批判した当時の風潮は何か。,師道が廃れていること〈知識〉
季節の呼称で、初秋・仲秋・晩秋のうち「8月」を指すのはどれか。,仲秋 〈知識〉
季節の呼称で、孟春・仲春・季春のうち「2月」を指すのはどれか。,仲春 〈知識〉
疑問・反語を表す助字「何・安・誰」などを総称して何というか。,疑問詞（代名詞・副詞） 〈頻出〉
疑問助字「何如」と「如何」のうち、状態や内容を問う（どのようであるか）のはどちらか。,何如（いかん） 〈頻出〉
旧暦の月の呼称で、初秋、仲秋、晩秋のうち「八月」を指すのはどれか。,仲秋（ちゅうしゅう）〈知識〉
禁止を表す助字「勿（母・莫・無）」の読みは何か。,～（スルコト）な（かれ） 〈頻出〉
近体詩において、韻を踏む漢字の響きが同じであることを何というか。,押韻（おういん）〈頻出〉
近体詩において、四行で構成される詩形を何というか。,絶句 〈頻出〉
近体詩において、八行で構成される詩形を何というか。,律詩 〈頻出〉
近体詩の「律詩」において、首聯（1・2句）が対句になっているものを特に何というか。,排律（はいりつ） 〈知識〉
近体詩の「律詩」において、首聯から尾聯までの全ての聯が対句になっている極めて特殊な形式を何というか。,排律（はいりつ）〈知識〉
句法「安（何）クニカ～セ（ン）」の意味（反語）を答えよ。,どこに～か（いや、どこにも～ない）〈頻出〉
句法「安クニカ～スル」の意味を答えよ。,どこに～か 〈頻出〉
句法「何（安）クニカ～セ（ン）」の意味（反語）を答えよ。,どこに～か（いや、どこにも～ない） 〈頻出〉
句法「何ゾ～スルニ～（セ）ン」が、反語的な比較（どうして～する必要があろうか）を表す際の文末の助字は何か。,焉（または「也」）〈頻出〉
句法「何ゾ～スルニ～（セ）ン」の意味（反語的な比較）を答えよ。,どうして～という理由で～しようか（いや、しない） 〈頻出〉
句法「何ゾ～セ（ン）」の意味（反語）を答えよ。,どうして～だろうか（いや、～ない） 〈頻出〉
句法「何為（何レノ）～ゾ」が、理由や目的を問う際、文末の送り仮名はどうなるか。,ん〈頻出〉
句法「何為（何レノ）～ゾ」の意味を答えよ。,どういう～か 〈頻出〉
句法「敢ヘテ～セズ」の意味を答えよ。,決して～しない 〈頻出〉
句法「向（も）シ～セバ」が、反実仮想的な仮定を表す際に伴うことの多い副詞は何か。,庶幾（または「微」）〈知識〉
句法「向（も）シ～セバ」の意味（仮定）を答えよ。,もし～ならば 〈頻出〉
句法「縦（たと）ヒ～トモ」が、譲歩の仮定を表す際、文末の送り仮名はどうなるか。,ん〈頻出〉
句法「縦（たと）ヒ～トモ」の意味（仮定）を答えよ。,たとえ～であっても 〈頻出〉
句法「誰（タレ）カ～（セ）ザラ（ン）」の意味（反語）を答えよ。,誰が～しないだろうか（いや、誰もが～する） 〈頻出〉
句法「誰（タレ）カ～（セ）ザラ（ン）」の意味（反語）を答えよ。,誰が～しないだろうか（いや、誰もが～する）〈頻出〉
句法「中（あた）ル」が、期待や予測通りになることを指す場合の対義語（外れる）は何か。,遷（または「中らず」） 〈知識〉
句法「独（ひと）リ～ノミナランヤ」が、添加の反語（ただ～なだけだろうか）を表す際の読みを答えよ。,ひとり〈頻出〉
句法「独リ～ノミナランヤ」の意味（反語）を答えよ。,ただ～だけであろうか（いや、そうではない） 〈頻出〉
句法「不レ敢ヘテ～セ（ズ）」が、強い決意を表す場合の意味を答えよ。,決して～しない（強い否定）〈頻出〉
句法「不レ敢ヘテ～セ（ズ）」の意味（強い否定）を答えよ。,決して～しない（あえて～しない） 〈頻出〉
句法「不レ肯（あへ）テ～（セ）ズ」が、進んで～しようとしない（承諾しない）という意味になる場合の読みを答えよ。,あへて～ぜず〈頻出〉
句法「不レ肯（あへ）テ～（セ）ズ」の意味を答えよ。,進んで～しようとしない 〈頻出〉
句法「不レ得レ～（ス）ルヲ」が、禁止や状況的な不可能性（～できない）を表す際の読みを答えよ。,～（ス）るを得ず〈頻出〉
句法「不レ得レ～（ス）ルヲ」の意味（禁止・不可能）を答えよ。,～することができない 〈頻出〉
句法「不レ得レ已ニシテ～ス」が、状況に迫られて行うことを表す際、どのような意味になるか。,やむを得ず～する〈頻出〉
句法「不レ得レ已ニシテ～ス」の意味を答えよ。,やむを得ず～する 〈頻出〉
句法「不レ能ハ～（スルコト）」の意味を答えよ。,～することができない 〈頻出〉
句法「不レ能ハズンバ～（セ）」という二重否定が表す強い意味を答えよ。,～しないわけにはいかない（強い肯定）〈頻出〉
句法「不レ能ハズンバ～（セ）」の意味（二重否定）を答えよ。,～しないわけにはいかない 〈頻出〉
句法「未レ見レ～（セ）ルヲ」が、未経験（まだ～したことがない）を表す際の読みを答えよ。,いまだ～（セ）るを見ず〈頻出〉
句法「未レ見レ～（セ）ルヲ」の意味（未経験）を答えよ。,まだ～したことがない 〈頻出〉
句法「与（よ）リハ～スルニハ、寧（むし）ロ～セヨ」の意味（選択）を答えよ。,～するよりは、むしろ～する方がよい 〈頻出〉
句法「与（よ）リハ～スルニハ、寧（むし）ロ～セヨ」の意味（選択）を答えよ。,～するよりは、むしろ～する方がよい〈頻出〉
句法「与其（そ）ノ～センヨリハ、孰若（いづ）レゾ～センニ」が、比較して一方を採る際の決まり文句を何というか。,比較選択（～するのとどちらが良いか）〈頻出〉
句法「与其（そ）ノ～センヨリハ、孰若（いづ）レゾ～センニ」の意味（比較・選択）を答えよ。,～するよりは、～する方がどちらが良いか（～する方が良い） 〈頻出〉
偶数句の末尾に、同じ響きを持つ漢字を配置する規則を何というか。,押韻（おういん） 〈頻出〉
訓読において、漢字の左下に付け、語順を入れ替えるための記号を総称して何というか。,返り点 〈頻出〉
訓読において、読まずに飛ばすが、文法的意味を添える漢字を何というか。,置き字 〈頻出〉
限定を表す助字「唯・只・直・特」の読みは何か。,ただ～（ノミ） 〈頻出〉
古代中国の距離の単位で、軍隊が一日に行軍する距離「三十里」を指す単位は何か。,舎（しゃ）〈知識〉
古代中国の度量衡で、「一舎」とはおよそ何里の距離を指すか。,三十里 〈知識〉
古代中国の理想的な皇位継承で、血縁ではなく徳のある者に位を譲ることを何というか。,禅譲（ぜんじょう）〈頻出〉
故事成語「泣いて馬謖を斬る」において、軍律を守るために愛弟子を処刑した蜀の宰相は誰か。,諸葛亮（諸葛孔明）〈頻出〉
故事成語「泣いて馬謖を斬る」において、馬謖を処刑した蜀の宰相は誰か。,諸葛亮（諸葛孔明） 〈頻出〉
故事成語「漁夫の利」において、シギとハマグリが争っている隙に二人を捕らえた者は誰か。,漁夫（ぎょふ）〈頻出〉
故事成語「漁夫の利」において、争っていた二つの生き物は何か。,鷸（しぎ）・蚌（はまぐり） 〈頻出〉
故事成語「鶏口牛後」において、合従策を説いて回った策士は誰か。,蘇秦（そしん） 〈知識〉
故事成語「鶏口牛後」において、秦に対抗するために六国の同盟（合従策）を説いた策士は誰か。,蘇秦（そしん）〈知識〉
故事成語「推敲」において、賈島が詩の文句を「推す」か「叩く」かで悩んだ相手は誰か。,韓愈〈頻出〉
故事成語「推敲」の主役である唐代の詩人は誰か。,賈島（かとう） 〈頻出〉
故事成語「朝三暮四」において、猿を欺いた飼い主を指す言葉は何か。,狙公（そこう） 〈知識〉
故事成語「朝三暮四」において、飼い主が猿を言いくるめた手法の根本的な問題を何というか。,姑息な手段（目先の違い）〈知識〉
故事成語「羊頭狗肉」の出典となった、斉の霊公のエピソードが記された書物は何か。,晏子春秋 〈知識〉
故事成語「羊頭狗肉」の典拠となった、斉の霊公が女性に男装させたエピソードを記した書物は何か。,晏子春秋〈知識〉
故事成語「杞憂」において、天が落ちてくることを心配した男に「天は気（空気）の積み重なりだ」と諭した思想は何か。,道家（老荘思想）〈知識〉
故事成語「杞憂」の出典である、道家的な説話を多く含む書物は何か。,列子 〈知識〉
五言絶句において、原則として韻を踏まなくてもよい句は第何句か。,第1句（または第3句）〈頻出〉
五言絶句の総文字数はいくつか。,20文字 〈頻出〉
五行説における「五常（仁・義・礼・智・信）」のうち、中央の「土」に対応する徳目は何か。,信 〈頻出〉
五行説における「五徳」のうち、中央の「土」に対応し、信頼や誠実さを表す徳目は何か。,信（しん）〈頻出〉
五行説における「木・火・土・金・水」に対応する五つの色を順にすべて答えよ。,青・赤・黄・白・黒 〈頻出〉
語順が「形容詞＋名詞」ではなく「名詞＋形容詞」となる場合の、形容詞の文法的役割を答えよ。,補語（後置修飾） 〈頻出〉
語順が「名詞＋形容詞」となる場合に、その形容詞が名詞を修飾する働きを何というか。,後置修飾（補語的用法）〈頻出〉
孔子が定めた教育の基本とされる「六芸（りくげい）」をすべて挙げよ。,礼・楽・射・御・書・数 〈知識〉
孔子とその弟子の言行を記録した、四書の一つである聖典は何か。,論語 〈頻出〉
構造「A（名詞）＋之（助字）＋B（述語）」において、「之」が果たしている役割は何か。,主格（～が）であることを示す 〈知識〉
江戸時代、幕府の官学として採用された儒学の流派は何か。,朱子学 〈頻出〉
江戸時代の伊藤仁斎が、朱子学などの後世の注釈を排し、原典の意義を探った学問を何というか。,古義学〈頻出〉
江戸時代の荻生徂徠が、漢文を当時の中国語として直接理解することを説いた学問を何というか。,古文辞学〈頻出〉
江戸時代の儒学者で、古義学を提唱し、『論語』『孟子』の原義に立ち返ることを説いたのは誰か。,伊藤仁斎 〈頻出〉
江戸時代の儒学者で、古文辞学を提唱し、漢文の直読直解を説いたのは誰か。,荻生徂徠 〈頻出〉
江戸時代の頼山陽が、独自の視点で日本の歴史を漢文で記した歴史書は何か。,日本外史〈頻出〉
皇帝が発する命令や文書を何というか。,詔（みことのり）または勅 〈頻出〉
皇帝の位を、血縁者ではなく徳のある者に譲ることを何というか。,禅譲（ぜんじょう） 〈頻出〉
皇帝の軍隊を指して用いる「六軍」とは、具体的に何人の兵力を指すか。,7万5000人 〈知識〉
皇帝の自称である「朕」は、元々はどのような身分の人々が使っていた言葉か。,庶民（一般の人々） 〈知識〉
皇帝の住居や天子の位を指して用いる「万乗」とは、何を一万台所有することを指すか。,兵車（戦車） 〈知識〉
佐久間象山が「東洋の道徳、西洋の芸術（技術）」を説いた際に用いた、西洋の学問を指す語は何か。,科学（または格致学）〈知識〉
佐久間象山が「東洋の道徳」と共に提唱した、西洋の技術を指す言葉は何か。,西洋芸術（または「東洋道徳西洋芸術」） 〈知識〉
再読文字「宜」の読み（送り仮名を含む）と、その意味を答えよ。,宜（よろ）しく～（ス）べし・～するのがよい 〈頻出〉
再読文字「将（且）」の読み（送り仮名を含む）と、その意味を答えよ。,将（まさ）に～（セ）んとす・今にも～しようとする 〈頻出〉
再読文字「須」の読み（送り仮名を含む）と、その意味を答えよ。,須（すべか）らく～（ス）べし・ぜひ～する必要がある 〈頻出〉
再読文字「当（応）」の読み（送り仮名を含む）と、その意味を答えよ。,当（まさ）に～（ス）べし・当然～すべきだ 〈頻出〉
再読文字「未」の読み（送り仮名を含む）と、その意味を答えよ。,未（いま）だ～（セ）ず・まだ～しない 〈頻出〉
再読文字「猶（由）」の読み（送り仮名を含む）と、その意味を答えよ。,猶（な）ほ～（セ）ルガごとし・ちょうど～のようだ 〈頻出〉
再読文字「盍」の読み（送り仮名を含む）と、その意味を答えよ。,盍（なん）ぞ～（セ）ざる・どうして～しないのか、すればよい 〈頻出〉
三国時代の魏・呉・蜀の歴史を記した、陳寿による歴史書は何か。,三国志 〈頻出〉
使役を表す助字「使・令・教」の読みは何か。,～（セ）しむ 〈頻出〉
司馬遷が『史記』を執筆する動機となった、無念のうちに死んだ先人の志を継ぐことを指す語は何か。,発憤（はっぷん）〈知識〉
司馬遷が編纂した、中国最初の正史とされる歴史書は何か。,史記 〈頻出〉
史記「鴻門之会」において、劉邦を暗殺しようとした項羽側の軍師は誰か。,范増（はんぞう）〈知識〉
史記「鴻門之会」において、劉邦を逃がすために身代わりとなった剣舞の主役は誰か。,樊噲（はんかい） 〈知識〉
史記の列伝で、項羽と劉邦の争いを描いた有名な場面の題材は何か。,鴻門之会（こうもんのかい） 〈頻出〉
四行詩の「絶句」において、韻を踏むことが「許される」が必須ではない句は第何句か。,第1句 〈頻出〉
詩の一行を何というか。,句 〈頻出〉
詩の音律を整えるための、漢字の音の高さや響きによる分類を何というか。,仄韻（そくいん）または平仄 〈知識〉
詩の技法「押韻」において、七言詩で韻を踏むことが原則とされる句をすべて挙げよ。,第1句・第2句・第4句 〈頻出〉
詩の技法において、感情を風景に託して表現することを何というか。,借景（または叙景） 〈知識〉
詩の技法において、人間の感情を風景の描写に託して表現することを何というか。,借景（または叙景）〈知識〉
詩の形式で、対句を多用し、四字・六字の句を基本とする華麗な文体を何というか。,駢儷文（べんれいぶん） 〈頻出〉
時刻の呼称で、「日中」とは現在の何時ごろか。,正午（午後12時）ごろ 〈頻出〉
自分の過ちを認めて謝罪することを指す「負荊（荊を負う）」の故事の主役は誰か。,廉頗（れんぱ） 〈知識〉
七言絶句の総文字数はいくつか。,28文字 〈頻出〉
朱子学において、宇宙の根本原理である「理」に対し、万物を構成する物質的材料を何というか。,気〈頻出〉
朱子学において、万物を構成する二つの根本原理を何というか。,理・気 〈頻出〉
朱熹（朱子）が編纂し、儒教の入門書として定着させた「四書」をすべて挙げよ。,大学・中庸・論語・孟子 〈頻出〉
儒教において、人間の本性は「理」そのものであるとする宋代の思想を何というか。,性即理 〈頻出〉
儒教において、人間の本性は天から与えられた「理」そのものであるとする宋学の根本主張を何というか。,礼・楽・射・御・書・数〈知識〉
儒教において重視される「五経（易・書・詩・礼・春秋）」をすべて挙げよ。,易経・書経・詩経・礼記・春秋 〈頻出〉
儒教の開祖であり、仁と礼を根本思想とした人物は誰か。,孔子 〈頻出〉
受身を表す助字「見・被・為・於」のうち、動詞の前に置くものをすべて挙げよ。,見・被・為 〈頻出〉
十二支による時刻表現で、「申の刻」は現在の何時から何時までを指すか。,午後3時から午後5時〈頻出〉
述語「中（あた）ル」が、予測や計略が的中することを指す場合、対義語として「失敗する」を意味する語は何か。,遷（または「中らず」）〈知識〉
述語の動作の対象となる語（～を・～に）を何というか。,目的語（客語） 〈頻出〉
述語の内容を補足する語（～から・～で）を何というか。,補語 〈頻出〉
春秋時代の呉越抗争において、越王勾践を支え、最後は身を引いて巨万の富を築いたとされる名臣は誰か。,范蠡（はんれい）〈知識〉
春秋時代の呉越抗争を記した、物語的要素の強い歴史書を二つ答えよ。,呉越春秋・越絶書 〈知識〉
書き下し文において、助詞や助動詞として読み、平仮名で表記する漢字を何というか。,助詞・助動詞 〈頻出〉
諸侯が皇帝に謁見することを何というか。,朝聘（ちょうへい） 〈知識〉
助字「俄（には）カニ」と同じ意味を持つ、天候や事態の急変を表す語を二つ挙げよ。,遽（にかに）・俄（かに） 〈頻出〉
助字「俄（には）カニ」と同様に、極めて短い時間や急激な変化を表す助字「遽（にかに）」以外の語を一つ答えよ。,遽（にかに）〈頻出〉
助字「蓋（けだ）シ」が文頭にある場合、どのような意味（推測・確信）を表すか。,思うに（おそらく） 〈頻出〉
助字「蓋（けだ）シ」が文頭に置かれ、確信を持った推量を表す際、どのような意味（おそらく）になるか。,けだし〈頻出〉
助字「且（しばら）ク」が、一時的な猶予や仮の措置を表す際の類義語を一つ答えよ。,暫（しばらく）〈頻出〉
助字「且（しばら）ク」が、一時的にという意味で用いられる場合の類義語を一つ挙げよ。,暫（しばらく） 〈頻出〉
助字「宜（むべ）ナリ」が、道理として当然であることを表す際、どのような意味になるか。,むべなり〈頻出〉
助字「宜（むべ）ナリ」の意味を答えよ。,もっともなことだ（当然だ） 〈頻出〉
助字「宜（よろ）シク～（ス）ベシ」が、状況に適している（～するのがよい）ことを表す際の英語の助動詞に相当する語は何か。,should〈頻出〉
助字「宜（よろ）シク～（ス）ベシ」と「当（まさ）ニ～（ス）ベシ」のうち、適当（～するのがよい）を表すのはどちらか。,宜しく～べし 〈頻出〉
助字「具（つぶさ）ニ」が、詳細に一部始終を説明することを表す際の類義語を一つ答えよ。,悉（ことごと）くに〈頻出〉
助字「具（つぶさ）ニ」と同じ意味で、細かく詳しくという意味を持つ語を一つ挙げよ。,悉（ことごと）くに 〈頻出〉
助字「固（もと）ヨリ」が、「言うまでもなく」という意味以外の、確信を表す読みは何か。,固（まこと）に 〈頻出〉
助字「固（もと）ヨリ」が、本来の性質や当然の帰結を表す際、文脈によってはどのような読み（まことに）になるか。,まことに〈頻出〉
助字「私（ひそ）カニ」が、公にせず内密に事を行うことを表す際の類義語を一つ答えよ。,窃（ひそ）かに〈頻出〉
助字「私（ひそ）カニ」と同じ意味で、他人に知られないようにという意味を持つ語を一つ挙げよ。,窃（ひそ）かに 〈頻出〉
助字「自（より）」が、時間や場所の起点を表す際、書き下し文で「～より」以外の読みを一つ挙げよ。,由（より）〈頻出〉
助字「自（より）」が、場所や時間の起点を表す際、同じ意味で用いられる助字を一つ挙げよ。,由（または「従」） 〈頻出〉
助字「終（つひ）ニ」が、「最後には（結局）」という意味で用いられる場合のニュアンスを答えよ。,期待や努力の末の結果 〈頻出〉
助字「終（つひ）ニ」が、長い時間の経過や紆余曲折の末の結果を表す際のニュアンスを答えよ。,期待や努力の末の結果〈頻出〉
助字「所（ところ）」が、動詞の上にあって受身を表す際の典型的な形を答えよ。,「所」＋動詞＋「於（または「被」）」 〈頻出〉
助字「所」が動詞の前に置かれ、受身（～されるところとなる）を表す際、動作の主を示す助字は何か。,於（または「為」）〈頻出〉
助字「嘗（かつ）テ」が、過去の経験を表す際、否定語「未」を伴って「一度も～したことがない」となる時の読みを答えよ。,いまだかつて～ず〈頻出〉
助字「嘗（かつ）テ」が、過去の経験を表す際、否定語を伴う場合の読みを答えよ。,未（いま）だ嘗（かつ）て～（セ）ず 〈頻出〉
助字「遂（つひ）ニ」が、前の事態を受けて「そのまま」という意味で用いられる場合の送り仮名は何か。,遂（つひ）に 〈頻出〉
助字「遂（つひ）ニ」が、前の動作がそのまま継続・完了する（そのまま～した）という意味になる場合の送り仮名を答えよ。,遂（つひ）に〈頻出〉
助字「卒（つひ）ニ」が、「ついに（死亡する）」以外の意味で用いられる際の典型的な意味は何か。,最終的な決着（または「兵士」） 〈頻出〉
助字「卒（つひ）ニ」が、「最後には（とうとう）」という意味になる際、主にどのような結末を指すことが多いか。,死（または最終的な決着）〈頻出〉
助字「中（なか）ニシテ」が、心中でという意味ではなく、途中でという意味になる場合の読みは何か。,中（なか）道にして 〈頻出〉
助字「中（なか）道にして」が、物事の途中で（中途で）という意味になる場合の読みを答えよ。,ちゅうどう〈頻出〉
助字「之」が「A之B」の形で、Bが述語のときに「AがBする」という主格を表す働きを何というか。,構造助詞〈知識〉
助字「方（まさ）ニ」が、ちょうどその時という意味で用いられる場合の類義語を一つ挙げよ。,適（たまたま） 〈頻出〉
助字「方（まさ）ニ」が、動作が進行中であること（ちょうど～している）を表す際の類義語を一つ答えよ。,適（たまたま）〈頻出〉
助字「也」が文末にあるとき、書き下し文で「～なり」と読む場合の文法的意味は何か。,断定 〈頻出〉
臣下が皇帝に意見を述べるために提出する文書を何というか。,上奏文（または「表」） 〈頻出〉
菅原道真が自身の漢詩や和歌を編纂した『菅家文草』は全何巻か。,12巻〈知識〉
菅原道真の漢詩集『菅家文草』が、編纂された際の巻数はいくつか。,12巻 〈知識〉
性悪説を主張し、礼による矯正の重要性を説いた儒学者は誰か。,荀子 〈頻出〉
性善説を主張し、王道政治による統治を説いた儒学者は誰か。,孟子 〈頻出〉
接続詞「而」が、逆接で読まれる時の送り仮名は何か。,～（ドモ） 〈頻出〉
接続詞「而」が、順接で読まれる時の送り仮名は何か。,～（シ）て 〈頻出〉
接続詞「則」が文中で「A則B」とある場合、どのような意味（条件）を表すか。,～ならば（～の時は） 〈頻出〉
絶句における「起・承・転・結」の四つの行の名称を順にすべて答えよ。,起句・承句・転句・結句 〈頻出〉
戦国時代の策士たちの献策を国別にまとめた、劉向の編纂による歴史書は何か。,戦国策〈頻出〉
戦国時代の策士たちの言行を国別にまとめた、劉向編纂の歴史書は何か。,戦国策 〈頻出〉
前漢の劉安が編纂した、道家思想を中心に諸子百家の説をまとめた書物は何か。,淮南子（えなんじ） 〈知識〉
蘇軾が、かつての合戦の地を訪れて人生の無常と悠久の自然を詠じた文章を何というか。,赤壁賦〈頻出〉
蘇軾が、赤壁の地を訪れた際の感慨を記した、前・後二編からなる文章は何か。,赤壁賦 〈頻出〉
宋代の司馬光が編纂した、戦国時代から五代十国までの歴史を記した編年体の通史は何か。,資治通鑑（しじつがん）〈知識〉
宋代の司馬光が編纂した、編年体による巨大な通史は何か。,資治通鑑（しじつがん） 〈知識〉
荘子が説いた、万物を差別なく同一のものとして観照する絶対的自由の境地を何というか。,斉物論〈知識〉
荘子が提唱した、万物を差別なく同一のものとみなす境地を何というか。,斉物（せいぶつ） 〈知識〉
荘子の寓話で、自分の狭い見識に固執することを戒める、井戸の中に住む生き物を用いた比喩は何か。,井底之蛙（せいていのあ）〈知識〉
存在の否定を表す助字「無（莫・勿）」の読みは何か。,～な（し） 〈頻出〉
置き字「於（于・乎）」が動詞の下にある場合、どのような意味（格）を表すか。,場所・比較・対象・受身 〈頻出〉
置き字「而」が文中で果たしている主な役割は何か。,接続（順接・逆接） 〈頻出〉
置き字「焉（矣・也）」が文末にある場合、どのような意味を表すか。,断定・強意・疑問・詠嘆 〈頻出〉
中国の官制において、行政の実務を担った「吏」に対し、政策決定を担った層を何というか。,卿・大夫（または「士」） 〈知識〉
中国の軍制において、天子が直轄する六つの軍団を総称して何というか。,六軍（りくぐん）〈知識〉
中国の身分制度において、政治の実務を担った「吏」に対し、教養を備えた支配階層を何というか。,士（し）または士大夫〈頻出〉
程度を表す助字「稍（やや）」の意味を答えよ。,少し、しだいに 〈頻出〉
天子が諸侯に土地を与えて統治させる一方で、天子への義務を負わせる統治制度を何というか。,封建制度〈頻出〉
天子が諸侯に領地を与え、統治させる制度を何というか。,封建（ほうけん）制度 〈頻出〉
天子が諸国を巡り、地方の政治や民情を視察することを何というか。,巡狩（じゅんしゅ） 〈知識〉
杜甫の「春望」において、戦乱が長く続き、家族からの便りが非常に貴重であることを表す比喩は何か。,家書万金に抵る〈知識〉
杜甫の詩「春望」において、国が滅びても変わらず残っているものとして対比されている二つは何か。,山・河 〈頻出〉
唐宋八大家のうち、宋代の六名をすべて答えよ。,欧陽脩・蘇洵・蘇軾・蘇轍・曾鞏・王安石 〈知識〉
唐宋八大家のうち、唐代の二名をすべて答えよ。,韓愈・柳宗元 〈知識〉
唐代、古文復興運動を推進し、「文起八代之衰」と称えられた作家は誰か。,韓愈 〈頻出〉
唐代、六朝以来の華美な文体を排し、漢魏の質実な文章への復帰を唱えた運動を何というか。,古文復興運動（古文運動）〈頻出〉
唐代の詩人で、「詩聖」と称される社会の本質を突いた人物は誰か。,杜甫 〈頻出〉
唐代の詩人で、「詩仙」と称される自由奔放な作風の人物は誰か。,李白 〈頻出〉
唐代の詩人で、「詩仏」と称される自然の静寂を描いた人物は誰か。,王維 〈知識〉
唐代の詩風で、辺境の風景や軍旅の生活を描いた岑参や高適らの詩を何というか。,辺塞詩（へんさいし） 〈知識〉
動詞「遣（つかは）ス」が、使役以外で「～してやる」という意味になる場合の対象は誰か。,目下の人（または「物」） 〈知識〉
動詞「遣（つかは）ス」が、人を使わせる使役ではなく、目下の人に物を与えるという意味になる場合の対象は誰か。,目下の人〈知識〉
奈良時代に成立した、日本最古の漢詩集は何か。,懐風藻 〈頻出〉
二字以上を隔てて下から上へ戻って読むときに用いる記号をすべて挙げよ。,一・二・三点 〈頻出〉
二重否定「無レ所レ不レ～（セ）」の意味（すべて～する）を答えよ。,～しない所はない（すべて～する）〈頻出〉
二重否定「無レ所レ不レ～（セ）」の意味を答えよ。,～しない所はない（すべて～する） 〈頻出〉
日本で漢文を読み解くために、漢字の右下に付す送り仮名を何というか。,ヲコト点（または訓点） 〈知識〉
日本の官撰史書『六国史』の第一作は何か。,日本書紀 〈頻出〉
日本漢文において、公文書などで用いられた「候文」の原型となった文体を何というか。,変体漢文 〈知識〉
日本漢文において、文の構成要素を明示するために漢字の右横に引く線を何というか。,傍線（ぼうせん） 〈知識〉
日本漢文の訓読において、主語と述語の関係などを視覚的に示すために字の横に引く線を何というか。,傍線（ぼうせん）〈知識〉
日本漢文の最高峰とされる、江戸時代の歴史書『日本外史』の作者は誰か。,頼山陽 〈頻出〉
日本漢文の大家で、頼山陽が記した日本の歴史書は何か。,日本外史 〈頻出〉
日本漢文の文体で、公文書や手紙などで用いられた、独特の送り仮名を持つ変体漢文を何というか。,候文（そうろうぶん）〈知識〉
日本最古の勅撰漢詩集である『凌雲集』を編纂させた天皇は誰か。,嵯峨天皇〈頻出〉
年代順に出来事を記述する歴史書の体裁（例：『春秋』）を何というか。,編年体 〈頻出〉
年齢の呼称で、孔子が「志しを立てた」とした「十五歳」を指す語は何か。,志学 〈頻出〉
年齢の呼称で、孔子が「天命を悟った」とされる「五十歳」を指す語は何か。,知命（ちめい）〈頻出〉
年齢の呼称で、孔子が「天命を知った」とする「五十歳」を指す語は何か。,知命 〈頻出〉
年齢の呼称で、孔子が「惑わず」とした「四十歳」を指す語は何か。,不惑 〈頻出〉
年齢の呼称で、七十歳を指す「古稀」の由来となった杜甫の詩の一節を答えよ。,人生七十古来稀なり 〈知識〉
年齢の呼称で、七十歳を指す「古稀」の由来となった杜甫の詩の一節を答えよ。,人生七十古来稀なり〈頻出〉
班固が編纂した、前漢一代の歴史を記した正史は何か。,漢書 〈知識〉
否定を表す基本の助字「不」の読みは何か。,～（セ）ず 〈頻出〉
否定語「非（あら）ズ」が、「Aニ非ズンバBセズ」という形をとる時の意味を答えよ。,AでなければBできない 〈頻出〉
否定語「非（あら）ズ」を用いた「A非ズンバBセズ」という形が、必要条件（AでなければBしない）を表す際、Aにはどのような語が来やすいか。,名詞（または条件を表す語）〈頻出〉
否定語「不レ勝（あた）ハ（ズ）」が、動作の程度が甚だしく、堪えきれないことを表す際、どのような意味（～しきれない）になるか。,～しきれない（ほど甚だしい）〈頻出〉
否定語「不レ勝（あた）ハ（ズ）」の意味を答えよ。,～しきれない（ほど多い） 〈頻出〉
比較を表す句法「AハBニ如（若）カズ」の意味を答えよ。,AはBに及ばない 〈頻出〉
非常に仲の良い友情を指す「管鮑之交」の二人の名前を答えよ。,管仲・鮑叔 〈知識〉
文末に置いて、疑問や反語の意を確定させる助字を何というか。,句末助字（終助詞） 〈頻出〉
文末の助字「而已（のみ）」の意味（限定）を答えよ。,～だけだ 〈頻出〉
文末の助字「与（歟）」が、疑問ではなく詠嘆（～だなぁ）を表す際の読みを答えよ。,かな〈頻出〉
文末助字「与（歟）」が、疑問ではなく詠嘆（～だなあ）を表す場合の読みを答えよ。,～かな 〈頻出〉
平安初期、嵯峨天皇の命で編纂された、三つの勅撰漢詩集をすべて挙げよ。,凌雲集・文華秀麗集・経国集 〈頻出〉
返り点「上・下」点を用いる際、その間に「中」点が入る場合の読む順番を答えよ。,下→中→上 〈頻出〉
返り点において、「一・二・三」点と「上・中・下」点が混在する場合、後から読むのはどちらか。,上・中・下点〈頻出〉
返り点において、「上・中・下」点でも戻りきれないさらに広い範囲を戻るために用いられる記号は何か。,甲・乙・丙点〈頻出〉
法家が説いた、功績には必ず賞を与え、罪には必ず罰を与えるという厳格な原則を何というか。,信賞必罰〈頻出〉
法律と賞罰によって天下を治めるべきだと説いた、韓非らが属する学派は何か。,法家 〈頻出〉
北宋の文壇の指導者で、蘇軾の師にあたる作家は誰か。,欧陽脩 〈知識〉
墨子が提唱した、無差別の平等愛を指す思想語は何か。,兼愛 〈知識〉
万物に先立って存在する根源的な不変の真理を、老荘思想では何と呼ぶか。,道（タオ） 〈知識〉
明代に提唱された、唐代の詩と秦漢の散文を至高とする文学的主張を何というか。,古文辞学（または復古主義） 〈知識〉
陽明学の極意で、人間が生まれながらに持つ善悪の判断能力を最大限に発揮することを何というか。,致良知〈知識〉
抑揚を表す句法「Aスラ且ツB、況ンヤCヲヤ」の意味を答えよ。,AでさえBだ、ましてCはなおさらだ 〈頻出〉
理由や手段を表す助字「以」が、文頭で「是ヲ以テ」と読まれる時の意味は何か。,だから（そういうわけで） 〈頻出〉
律詩における八行を二行ずつまとめた四つの呼称を順にすべて答えよ。,首聯・頷聯・頸聯・尾聯 〈頻出〉
律詩の「頷聯」と「頸聯」において、必ず守らなければならない表現技法は何か。,対句 〈頻出〉
律詩の構造で、第5句と第6句を合わせたペアを何というか。,頸聯（けいれん） 〈頻出〉
律詩の構造において、第三聯（第5句・第6句）を特に何というか。,頸聯（けいれん）〈頻出〉
暦の呼称で、十二支の「申」の刻は、現在の何時から何時を指すか。,午後3時から午後5時 〈頻出〉
歴史を「本紀」や「列伝」などの伝記中心で記述する体裁を何というか。,紀伝体 〈頻出〉
老子を祖とし、人為を排した「無為自然」を理想とする思想を何というか。,老荘思想（道家） 〈頻出〉
老荘思想において、天地万物の根源であり、名付けることのできない絶対的な存在を何というか。,道（タオ）〈知識〉
六朝時代に流行した、四字と六字を基調とし、対句や韻を多用する華麗な文体を何というか。,駢儷文（べんれいぶん）〈知識〉
〈超難問〉『伊勢物語』「東下り」で、男が隅田川の渡し守から「都の鳥」と教えられた鳥の、当時の雅な呼称は何。,みやこどり 〈知識〉
〈超難問〉『宇治拾遺物語』「わらしべ長者」において、男が最初に入手した「三つの蜜柑」を欲しがった人物は何。,懐妊した女（産婦） 〈知識〉
〈超難問〉『栄花物語』において、藤原道長が建立した法成寺の落慶供養の際、安置された巨大な仏像の正確な総数。,九体（九体の阿弥陀仏） 〈知識〉
〈超難問〉『懐風藻』の序文において、日本に初めて文字（漢字）を伝えたとされる、百済から派遣された博士。,王仁（わに） 〈知識〉
〈超難問〉『韓非子』「矛盾」の故事において、商人が自分の売る「盾」の堅牢さを表現した際の具体的な口上。,吾が盾の堅きこと、能く陥すことなきなり 〈知識〉
〈超難問〉『源氏物語』の「空蝉」の巻で、光源氏が空蝉の部屋に残していった、別離を暗示する装束の具体的な部位。,褄（つま／衣の端） 〈知識〉
〈超難問〉『古今和歌集』真名序において、和歌の起源を神代に求めた際に引用された、天岩戸の前で踊った神の名前。,天宇受売命（あめのうずめのみこと） 〈知識〉
〈超難問〉『更級日記』において、作者が少女時代に『源氏物語』の五十余巻を初めて入手した際、贈り主となった親族。,五十余巻の姫君（叔母） 〈知識〉
〈超難問〉『今昔物語集』巻二十四に記された、絵師・巨勢金岡が描いた馬の絵に描き忘れたとされる具体的な身体部位。,瞳（ひとみ） 〈知識〉
〈超難問〉『三国志演義』において、諸葛亮が五丈原での死の間際に、寿命を延ばすために行った祈祷の儀式の名称。,祈祷（または「禳星の法」） 〈知識〉
〈超難問〉『山海経』において、西方の崑崙山に住み、豹の尾と虎の歯を持つとされる半人半獣の最古の女神。,西王母（せいおうぼ） 〈知識〉
〈超難問〉『史記』「項羽本紀」において、項羽が劉邦軍に包囲された際、愛妾の虞妃と共に最期に歌った詩の題名は何。,垓下歌（がいかのうた） 〈知識〉
〈超難問〉『十八史略』において、最初の王朝「夏」を興した禹が治水のために自分の家の門を素通りした回数は何回。,三回 〈知識〉
〈超難問〉『新古今和歌集』の隠れた編纂実務者であり、後鳥羽院の寄人として「仮名序」を執筆した可能性が高い人物。,源通具（みなもとのみちとも） 〈知識〉
〈超難問〉『水滸伝』において、梁山泊に集結した百八人の英傑たちの総称である「三十六天罡」とあともう一つは何。,七十二地煞（しちじゅうにちさつ） 〈知識〉
〈超難問〉『説文解字』において、漢字の造字原理「六書」のうち、音を示す記号と意味を示す記号を組み合わせる原理。,形声（けいせい） 〈知識〉
〈超難問〉『荘子』「養生主」において、庖丁（料理人）が十九年経っても研ぎたての包丁を維持できた文法的・理論的理由。,無厚（刃に厚みがないため隙間に入れる） 〈知識〉
〈超難問〉『増鏡』の題名の由来となった、神功皇后が海中に沈めたとされる「三つの鏡」の伝説が記された最古の正史。,日本書紀 〈知識〉
〈超難問〉『大鏡』の序文において、夏山繁樹が自分の年齢の根拠として挙げた、自分が生まれた時の元号は何。,嘉祥（かしょう） 〈知識〉
〈超難問〉『竹取物語』で車持皇子が「蓬萊の玉の枝」を偽造させた際、六人の工匠たちに支払った報酬の総額は何。,黄金一千両 〈知識〉
〈超難問〉『徒然草』第52段の法師が、石清水八幡宮の本宮を拝まずに引き返した、麓にある摂社の正確な名称は何。,極楽寺（または高良大明神） 〈知識〉
〈超難問〉『土佐日記』1月21日の記述において、作者が船路の無事を祈って海に投げ入れた具体的な神事の道具は何。,幣（ぬさ／または扇） 〈知識〉
〈超難問〉『唐詩選』において、七言律詩の部の巻頭に置かれている、崔顥（さいこう）が詠んだ詩の題名は何。,黄鶴楼（こうかくろう） 〈知識〉
〈超難問〉『百人一首』の選定場所として知られる、藤原定家の山荘「中院山荘」の現在伝わっている別称は何。,時雨亭（しぐれてい） 〈知識〉
〈超難問〉『風土記』のうち、浦島太郎（浦島子）の伝説が蓬萊世界の描写と共に最も詳細に記されている国の名称。,丹後国 〈知識〉
〈超難問〉『文選』の最古の注釈を施した、唐代の学者で「李善」と共に「五臣」を構成する筆頭人物の名前。,呂延済 〈知識〉
〈超難問〉『平家物語』「扇の的」の場面で、那須与一が射る前に「南無」と唱えて祈った三つの神仏をすべて挙げよ。,八幡大菩薩・金比羅権現・那須の温泉大明神 〈知識〉
〈超難問〉『方丈記』において、鴨長明が日野山の庵の西側に設けた、夕日を拝みながら念仏を唱えるための特定の空間。,念仏の窓（または西窓） 〈知識〉
〈超難問〉『枕草子』「草の花は」の段で、清少納言が「名前は怪しいが、花が咲きこぼれる様が良い」と評した草。,われもこう 〈知識〉
〈超難問〉『孟子』が、斉の宣王の「仁」を認める根拠とした、王が犠牲になる牛を見て「羊に替えよ」と命じた理由。,牛が震え、怯えている様子を見たため 〈知識〉
〈超難問〉『老子』第80章「小国寡民」において、文字の代わりとして理想視された古代の記録・通信手段は何。,結縄（けつじょう） 〈知識〉
〈超難問〉『論語』「為政」において、孔子が「命を識る」ために不可欠であると説いた、ある一つの具体的対象。,礼（れい） 〈知識〉
〈超難問〉『和泉式部日記』において、和泉式部が帥の宮から贈られた「橘の花」に添えられた最初の歌の初句。,薫るかと 〈知識〉
〈超難問〉『蜻蛉日記』の作者が夫との不和により石山寺に参籠した際、夫の兼家が追いかけてきて泊まった具体的な場所。,西の対（にしのたい） 〈知識〉
〈超難問〉安部公房『砂の女』において、男が砂の中から水分を得る装置に名付けた「希望」を意味する固有名詞は何。,溜め池（または「希望」） 〈知識〉
〈超難問〉永井荷風『濹東綺譚』において、お雪が主人公「わたくし」に贈った、別れを象徴する具体的な品物は何。,手拭（または扇子） 〈知識〉
〈超難問〉横光利一『機械』の舞台のモデルとなった、江戸川区小松川に実在した工場の正式名称は何。,江東製鋼所 〈知識〉
〈超難問〉荻生徂徠が「古文辞学」を確立する際、文章の規範として仰いだ二つの時代の呼称を合わせた四字熟語。,文必秦漢（ぶんかならずしんかん） 〈知識〉
〈超難問〉夏目漱石『こころ』が朝日新聞に連載された際、一貫して挿絵を担当した日本画家の名前は誰。,名取春仙 〈知識〉
〈超難問〉夏目漱石が『明暗』を執筆中に愛用していた、当時「オノト」と呼ばれた万年筆のメーカーはどこか。,デ・ラ・ルー（英国製） 〈知識〉
〈超難問〉芥川龍之介が自死の際に服用した致死量のバルビタール剤を調達した、主治医であり友人の医師は誰か。,下沢将勝 〈知識〉
〈超難問〉国木田独歩『武蔵野』において、作者が武蔵野の風景美を再発見する視点を得るきっかけとなったドイツの詩人。,レナウ（Lenau） 〈知識〉
〈超難問〉三島由紀夫が『金閣寺』の取材で、金閣寺の裏山に登る際に案内を務めた当時の副住職の名前は誰。,村上慈海 〈知識〉
〈超難問〉志賀直哉『和解』において、父との和解が成立した日の夕食の膳に出された「魚」の種類は何。,鯖（さば） 〈知識〉
〈超難問〉朱子学の「格物致知」に対し、王陽明が「格」を「正す」と解釈し、その対象とした「意の在る所」を何というか。,事（こと） 〈知識〉
〈超難問〉小林秀雄『様々なる意匠』が掲載された雑誌『改造』の懸賞論文において、選考委員を務めた文藝春秋の創刊者。,菊池寛 〈知識〉
〈超難問〉森鴎外『舞姫』のモデルであるエリスが、森鴎外を追って来日した際に乗船していたドイツ汽船の名前は何。,サイゴン号 〈知識〉
〈超難問〉川端康成がノーベル文学賞受賞の第一報を受けた際、自宅の居間で視聴していたテレビ番組の放送局は何。,NHK 〈知識〉
〈超難問〉泉鏡花『高野聖』において、修行僧が山中の女の家で供された、秋の味覚を用いた夕食の主食は何。,栗飯（くりめし） 〈知識〉
〈超難問〉太宰治『人間失格』の初出単行本の見返しに印刷されている、太宰が自ら描いたデッサンの題材は何。,太宰の愛犬（犬のクロ） 〈知識〉
〈超難問〉大江健三郎『芽むしり仔撃ち』において、疫病を恐れた大人たちによって村に置き去りにされた少年たちの総人数。,十五人 〈知識〉
〈超難問〉谷崎潤一郎『春琴抄』において、春琴の死後にその墓碑銘（墓に刻む文章）を起草したとされる人物は誰。,額田六福 〈知識〉
〈超難問〉中島敦『山月記』が掲載された雑誌『文學界』の昭和17年当時の編集長を務めていた人物は誰。,河上徹太郎 〈知識〉
〈超難問〉杜甫の「春望」が詠まれた際、安史の乱で長安を占領し、安禄山が建国した短命な国の名称は何。,大燕（だいえん） 〈知識〉
〈超難問〉島崎藤村『夜明け前』の主人公、青山半蔵が狂死の間際に幽閉されていた建物の具体的な名称は何。,青山家の隠居所（中津川） 〈知識〉
〈超難問〉白居易の「長恨歌」において、楊貴妃が死後に仙界の山で名乗っていたとされる道号（名前）は何。,太真（たいしん） 〈知識〉
〈超難問〉堀辰雄『風立ちぬ』の第四章「死のかげの谷」の冒頭に、エピグラフとして引用されている旧約聖書の詩篇。,詩篇第121篇 〈知識〉
〈超難問〉有島武郎が波多野秋子と心中を遂げた、軽井沢の別荘「浄月荘」の当時の家主は誰か。,有島武郎（本人の所有） 〈知識〉
〈超難問〉頼山陽の『日本外史』全二十二巻のうち、徳川氏の興隆と覇権を記した最終盤の巻の構成は何巻から何巻まで。,第二十巻から第二十二巻 〈知識〉
〈超難問〉李白の「静夜思」において、明代以降の版本で一般的となった「低頭思故郷」の本来の表現とされる語。,挙頭（きょとう） 〈知識〉
〈超難問〉『伊勢物語』「東下り」で、男が隅田川の渡し守から「都の鳥」と教えられた鳥の、当時の雅な呼称は何。,みやこどり 〈知識〉
〈超難問〉『宇治拾遺物語』「わらしべ長者」において、男が最初に入手した「三つの蜜柑」を欲しがった人物は何。,懐妊した女（産婦） 〈知識〉
〈超難問〉『栄花物語』において、藤原道長が建立した法成寺の落慶供養の際、安置された巨大な仏像の正確な総数。,九体（九体の阿弥陀仏） 〈知識〉
〈超難問〉『懐風藻』の序文において、日本に初めて文字（漢字）を伝えたとされる、百済から派遣された博士。,王仁（わに） 〈知識〉
〈超難問〉『韓非子』「矛盾」の故事において、商人が自分の売る「盾」の堅牢さを表現した際の具体的な口上。,吾が盾の堅きこと、能く陥すことなきなり 〈知識〉
〈超難問〉『源氏物語』の「空蝉」の巻で、光源氏が空蝉の部屋に残していった、別離を暗示する装束の具体的な部位。,褄（つま／衣の端） 〈知識〉
〈超難問〉『古今和歌集』真名序において、和歌の起源を神代に求めた際に引用された、天岩戸の前で踊った神の名前。,天宇受売命（あめのうずめのみこと） 〈知識〉
〈超難問〉『更級日記』において、作者が少女時代に『源氏物語』の五十余巻を初めて入手した際、贈り主となった親族。,五十余巻の姫君（叔母） 〈知識〉
〈超難問〉『今昔物語集』巻二十四に記された、絵師・巨勢金岡が描いた馬の絵に描き忘れたとされる具体的な身体部位。,瞳（ひとみ） 〈知識〉
〈超難問〉『三国志演義』において、諸葛亮が五丈原での死の間際に、寿命を延ばすために行った祈祷の儀式の名称。,祈祷（または「禳星の法」） 〈知識〉
〈超難問〉『山海経』において、西方の崑崙山に住み、豹の尾と虎の歯を持つとされる半人半獣の最古の女神。,西王母（せいおうぼ） 〈知識〉
〈超難問〉『史記』「項羽本紀」において、項羽が劉邦軍に包囲された際、愛妾の虞妃と共に最期に歌った詩の題名は何。,垓下歌（がいかのうた） 〈知識〉
〈超難問〉『十八史略』において、最初の王朝「夏」を興した禹が治水のために自分の家の門を素通りした回数は何回。,三回 〈知識〉
〈超難問〉『新古今和歌集』の隠れた編纂実務者であり、後鳥羽院の寄人として「仮名序」を執筆した可能性が高い人物。,源通具（みなもとのみちとも） 〈知識〉
〈超難問〉『水滸伝』において、梁山泊に集結した百八人の英傑たちの総称である「三十六天罡」とあともう一つは何。,七十二地煞（しちじゅうにちさつ） 〈知識〉
〈超難問〉『説文解字』において、漢字の造字原理「六書」のうち、音を示す記号と意味を示す記号を組み合わせる原理。,形声（けいせい） 〈知識〉
〈超難問〉『荘子』「養生主」において、庖丁（料理人）が十九年経っても研ぎたての包丁を維持できた文法的・理論的理由。,無厚（刃に厚みがないため隙間に入れる） 〈知識〉
〈超難問〉『増鏡』の題名の由来となった、神功皇后が海中に沈めたとされる「三つの鏡」の伝説が記された最古の正史。,日本書紀 〈知識〉
〈超難問〉『大鏡』の序文において、夏山繁樹が自分の年齢の根拠として挙げた、自分が生まれた時の元号は何。,嘉祥（かしょう） 〈知識〉
〈超難問〉『竹取物語』で車持皇子が「蓬萊の玉の枝」を偽造させた際、六人の工匠たちに支払った報酬の総額は何。,黄金一千両 〈知識〉
〈超難問〉『徒然草』第52段の法師が、石清水八幡宮の本宮を拝まずに引き返した、麓にある摂社の正確な名称は何。,極楽寺（または高良大明神） 〈知識〉
〈超難問〉『土佐日記』1月21日の記述において、作者が船路の無事を祈って海に投げ入れた具体的な神事の道具は何。,幣（ぬさ／または扇） 〈知識〉
〈超難問〉『唐詩選』において、七言律詩の部の巻頭に置かれている、崔顥（さいこう）が詠んだ詩の題名は何。,黄鶴楼（こうかくろう） 〈知識〉
〈超難問〉『百人一首』の選定場所として知られる、藤原定家の山荘「中院山荘」の現在伝わっている別称は何。,時雨亭（しぐれてい） 〈知識〉
〈超難問〉『風土記』のうち、浦島太郎（浦島子）の伝説が蓬萊世界の描写と共に最も詳細に記されている国の名称。,丹後国 〈知識〉
〈超難問〉『文選』の最古の注釈を施した、唐代の学者で「李善」と共に「五臣」を構成する筆頭人物の名前。,呂延済 〈知識〉
〈超難問〉『平家物語』「扇の的」の場面で、那須与一が射る前に「南無」と唱えて祈った三つの神仏をすべて挙げよ。,八幡大菩薩・金比羅権現・那須の温泉大明神 〈知識〉
〈超難問〉『方丈記』において、鴨長明が日野山の庵の西側に設けた、夕日を拝みながら念仏を唱えるための特定の空間。,念仏の窓（または西窓） 〈知識〉
〈超難問〉『枕草子』「草の花は」の段で、清少納言が「名前は怪しいが、花が咲きこぼれる様が良い」と評した草。,われもこう 〈知識〉
〈超難問〉『孟子』が、斉の宣王の「仁」を認める根拠とした、王が犠牲になる牛を見て「羊に替えよ」と命じた理由。,牛が震え、怯えている様子を見たため 〈知識〉
〈超難問〉『老子』第80章「小国寡民」において、文字の代わりとして理想視された古代の記録・通信手段は何。,結縄（けつじょう） 〈知識〉
〈超難問〉『論語』「為政」において、孔子が「命を識る」ために不可欠であると説いた、ある一つの具体的対象。,礼（れい） 〈知識〉
〈超難問〉『和泉式部日記』において、和泉式部が帥の宮から贈られた「橘の花」に添えられた最初の歌の初句。,薫るかと 〈知識〉
〈超難問〉『蜻蛉日記』の作者が夫との不和により石山寺に参籠した際、夫の兼家が追いかけてきて泊まった具体的な場所。,西の対（にしのたい） 〈知識〉
〈超難問〉安部公房『砂の女』において、男が砂の中から水分を得る装置に名付けた「希望」を意味する固有名詞は何。,溜め池（または「希望」） 〈知識〉
〈超難問〉永井荷風『濹東綺譚』において、お雪が主人公「わたくし」に贈った、別れを象徴する具体的な品物は何。,手拭（または扇子） 〈知識〉
〈超難問〉横光利一『機械』の舞台のモデルとなった、江戸川区小松川に実在した工場の正式名称は何。,江東製鋼所 〈知識〉
〈超難問〉荻生徂徠が「古文辞学」を確立する際、文章の規範として仰いだ二つの時代の呼称を合わせた四字熟語。,文必秦漢（ぶんかならずしんかん） 〈知識〉
〈超難問〉夏目漱石『こころ』が朝日新聞に連載された際、一貫して挿絵を担当した日本画家の名前は誰。,名取春仙 〈知識〉
〈超難問〉夏目漱石が『明暗』を執筆中に愛用していた、当時「オノト」と呼ばれた万年筆のメーカーはどこか。,デ・ラ・ルー（英国製） 〈知識〉
〈超難問〉芥川龍之介が自死の際に服用した致死量のバルビタール剤を調達した、主治医であり友人の医師は誰か。,下沢将勝 〈知識〉
〈超難問〉国木田独歩『武蔵野』において、作者が武蔵野の風景美を再発見する視点を得るきっかけとなったドイツの詩人。,レナウ（Lenau） 〈知識〉
〈超難問〉三島由紀夫が『金閣寺』の取材で、金閣寺の裏山に登る際に案内を務めた当時の副住職の名前は誰。,村上慈海 〈知識〉
〈超難問〉志賀直哉『和解』において、父との和解が成立した日の夕食の膳に出された「魚」の種類は何。,鯖（さば） 〈知識〉
〈超難問〉朱子学の「格物致知」に対し、王陽明が「格」を「正す」と解釈し、その対象とした「意の在る所」を何というか。,事（こと） 〈知識〉
〈超難問〉小林秀雄『様々なる意匠』が掲載された雑誌『改造』の懸賞論文において、選考委員を務めた文藝春秋の創刊者。,菊池寛 〈知識〉
〈超難問〉森鴎外『舞姫』のモデルであるエリスが、森鴎外を追って来日した際に乗船していたドイツ汽船の名前は何。,サイゴン号 〈知識〉
〈超難問〉川端康成がノーベル文学賞受賞の第一報を受けた際、自宅の居間で視聴していたテレビ番組の放送局は何。,NHK 〈知識〉
〈超難問〉泉鏡花『高野聖』において、修行僧が山中の女の家で供された、秋の味覚を用いた夕食の主食は何。,栗飯（くりめし） 〈知識〉
〈超難問〉太宰治『人間失格』の初出単行本の見返しに印刷されている、太宰が自ら描いたデッサンの題材は何。,太宰の愛犬（犬のクロ） 〈知識〉
〈超難問〉大江健三郎『芽むしり仔撃ち』において、疫病を恐れた大人たちによって村に置き去りにされた少年たちの総人数。,十五人 〈知識〉
〈超難問〉谷崎潤一郎『春琴抄』において、春琴の死後にその墓碑銘（墓に刻む文章）を起草したとされる人物は誰。,額田六福 〈知識〉
〈超難問〉中島敦『山月記』が掲載された雑誌『文學界』の昭和17年当時の編集長を務めていた人物は誰。,河上徹太郎 〈知識〉
〈超難問〉杜甫の「春望」が詠まれた際、安史の乱で長安を占領し、安禄山が建国した短命な国の名称は何。,大燕（だいえん） 〈知識〉
〈超難問〉島崎藤村『夜明け前』の主人公、青山半蔵が狂死の間際に幽閉されていた建物の具体的な名称は何。,青山家の隠居所（中津川） 〈知識〉
〈超難問〉白居易の「長恨歌」において、楊貴妃が死後に仙界の山で名乗っていたとされる道号（名前）は何。,太真（たいしん） 〈知識〉
〈超難問〉堀辰雄『風立ちぬ』の第四章「死のかげの谷」の冒頭に、エピグラフとして引用されている旧約聖書の詩篇。,詩篇第121篇 〈知識〉
〈超難問〉有島武郎が波多野秋子と心中を遂げた、軽井沢の別荘「浄月荘」の当時の家主は誰か。,有島武郎（本人の所有） 〈知識〉
〈超難問〉頼山陽の『日本外史』全二十二巻のうち、徳川氏の興隆と覇権を記した最終盤の巻の構成は何巻から何巻まで。,第二十巻から第二十二巻 〈知識〉
〈超難問〉李白の「静夜思」において、明代以降の版本で一般的となった「低頭思故郷」の本来の表現とされる語。,挙頭（きょとう） 〈知識〉
